timestamp,voltage_v,rssi_v,free_memory_bytes,pwm[0],pwm[1],pwm[2],pwm[3],pwm[4],pwm[5],pwm[6],pwm[7],pwm_disarmed[0],pwm_disarmed[1],pwm_disarmed[2],pwm_disarmed[3],pwm_disarmed[4],pwm_disarmed[5],pwm_disarmed[6],pwm_disarmed[7],pwm_failsafe[0],pwm_failsafe[1],pwm_failsafe[2],pwm_failsafe[3],pwm_failsafe[4],pwm_failsafe[5],pwm_failsafe[6],pwm_failsafe[7],pwm_rate_hz[0],pwm_rate_hz[1],pwm_rate_hz[2],pwm_rate_hz[3],pwm_rate_hz[4],pwm_rate_hz[5],pwm_rate_hz[6],pwm_rate_hz[7],raw_inputs[0],raw_inputs[1],raw_inputs[2],raw_inputs[3],raw_inputs[4],raw_inputs[5],raw_inputs[6],raw_inputs[7],raw_inputs[8],raw_inputs[9],raw_inputs[10],raw_inputs[11],raw_inputs[12],raw_inputs[13],raw_inputs[14],raw_inputs[15],raw_inputs[16],raw_inputs[17],status_arm_sync,status_failsafe,status_fmu_initialized,status_fmu_ok,status_init_ok,status_outputs_armed,status_raw_pwm,status_rc_ok,status_rc_dsm,status_rc_ppm,status_rc_sbus,status_rc_st24,status_rc_sumd,status_safety_button_event,alarm_pwm_error,alarm_rc_lost,arming_failsafe_custom,arming_fmu_armed,arming_fmu_prearmed,arming_force_failsafe,arming_io_arm_ok,arming_lockdown,arming_termination_failsafe
880818005,0.065000005,1.542,1480,1004,1004,1004,1004,0,0,0,0,1000,1000,1000,1000,1000,1000,1000,1000,1000,1000,1000,1000,1000,1000,1000,1000,400,400,400,0,0,0,0,0,1500,1500,1500,1500,1500,1500,1500,1500,1050,1050,1050,1050,874,874,874,874,998,998,1,0,1,1,1,1,1,1,0,0,1,0,0,0,0,1,1,1,0,0,1,0,0
881826677,0.065000005,1.3440001,1480,1100,1111,1100,1111,0,0,0,0,1000,1000,1000,1000,1000,1000,1000,1000,1000,1000,1000,1000,1000,1000,1000,1000,400,400,400,0,0,0,0,0,1500,1500,1500,1500,1500,1500,1500,1500,1050,1050,1050,1050,874,874,874,874,998,998,1,0,1,1,1,1,1,1,0,0,1,0,0,0,0,1,1,1,0,0,1,0,0
882850328,0.065000005,1.5330001,1480,1221,1341,1315,1259,0,0,0,0,1000,1000,1000,1000,1000,1000,1000,1000,1000,1000,1000,1000,1000,1000,1000,1000,400,400,400,0,0,0,0,0,1500,1500,1500,1500,1500,1500,1500,1500,1050,1050,1050,1050,874,874,874,874,998,998,1,0,1,1,1,1,1,1,0,0,1,0,0,0,0,1,1,1,0,0,1,0,0
883864258,0.065000005,1.307,1480,1726,1117,1380,1428,0,0,0,0,1000,1000,1000,1000,1000,1000,1000,1000,1000,1000,1000,1000,1000,1000,1000,1000,400,400,400,0,0,0,0,0,1500,1500,1500,1500,1500,1500,1500,1500,1050,1050,1050,1050,874,874,874,874,998,998,1,0,1,1,1,1,1,1,0,0,1,0,0,0,0,1,1,1,0,0,1,0,0
884890407,0.062000003,1.3180001,1480,1393,1828,1577,1443,0,0,0,0,1000,1000,1000,1000,1000,1000,1000,1000,1000,1000,1000,1000,1000,1000,1000,1000,400,400,400,0,0,0,0,0,1500,1500,1500,1500,1500,1500,1500,1500,1050,1050,1050,1050,874,874,874,874,998,998,1,0,1,1,1,1,1,1,0,0,1,0,0,0,0,1,1,1,0,0,1,0,0
885914183,0.065000005,1.317,1480,1680,1504,1429,1774,0,0,0,0,1000,1000,1000,1000,1000,1000,1000,1000,1000,1000,1000,1000,1000,1000,1000,1000,400,400,400,0,0,0,0,0,1500,1500,1500,1500,1500,1500,1500,1500,1050,1050,1050,1050,874,874,874,874,998,998,1,0,1,1,1,1,1,1,0,0,1,0,0,0,0,1,1,1,0,0,1,0,0
886940416,0.065000005,1.3100001,1480,1319,1755,1641,1477,0,0,0,0,1000,1000,1000,1000,1000,1000,1000,1000,1000,1000,1000,1000,1000,1000,1000,1000,400,400,400,0,0,0,0,0,1500,1500,1500,1500,1500,1500,1500,1500,1050,1050,1050,1050,874,874,874,874,998,998,1,0,1,1,1,1,1,1,0,0,1,0,0,0,0,1,1,1,0,0,1,0,0
887969301,0.065000005,1.524,1480,1731,1486,1613,1609,0,0,0,0,1000,1000,1000,1000,1000,1000,1000,1000,1000,1000,1000,1000,1000,1000,1000,1000,400,400,400,0,0,0,0,0,1500,1500,1500,1500,1500,1500,1500,1500,1050,1050,1050,1050,874,874,874,874,998,998,1,0,1,1,1,1,1,1,0,0,1,0,0,0,0,1,1,1,0,0,1,0,0
888980436,0.074,1.292,1480,1484,1681,1795,1398,0,0,0,0,1000,1000,1000,1000,1000,1000,1000,1000,1000,1000,1000,1000,1000,1000,1000,1000,400,400,400,0,0,0,0,0,1500,1500,1500,1500,1500,1500,1500,1500,1050,1050,1050,1050,874,874,874,874,998,998,1,0,1,1,1,1,1,1,0,0,1,0,0,0,0,1,1,1,0,0,1,0,0
890006596,0.065000005,1.3180001,1480,1478,1640,1756,1376,0,0,0,0,1000,1000,1000,1000,1000,1000,1000,1000,1000,1000,1000,1000,1000,1000,1000,1000,400,400,400,0,0,0,0,0,1500,1500,1500,1500,1500,1500,1500,1500,1050,1050,1050,1050,874,874,874,874,998,998,1,0,1,1,1,1,1,1,0,0,1,0,0,0,0,1,1,1,0,0,1,0,0
891033002,0.067,1.554,1480,1556,1620,1714,1425,0,0,0,0,1000,1000,1000,1000,1000,1000,1000,1000,1000,1000,1000,1000,1000,1000,1000,1000,400,400,400,0,0,0,0,0,1501,1443,1500,1500,1500,1500,1500,1500,1050,1050,1050,1050,874,874,874,874,998,998,1,0,1,1,1,1,1,1,0,0,1,0,0,0,0,1,1,1,0,0,1,0,0
892046649,0.065000005,1.526,1480,1595,1569,1731,1409,0,0,0,0,1000,1000,1000,1000,1000,1000,1000,1000,1000,1000,1000,1000,1000,1000,1000,1000,400,400,400,0,0,0,0,0,1556,1443,1500,1500,1500,1500,1500,1500,1050,1050,1050,1050,874,874,874,874,998,998,1,0,1,1,1,1,1,1,0,0,1,0,0,0,0,1,1,1,0,0,1,0,0
893070450,0.062000003,1.3180001,1480,1588,1571,1644,1572,0,0,0,0,1000,1000,1000,1000,1000,1000,1000,1000,1000,1000,1000,1000,1000,1000,1000,1000,400,400,400,0,0,0,0,0,1500,1500,1500,1500,1500,1500,1500,1500,1050,1050,1050,1050,874,874,874,874,998,998,1,0,1,1,1,1,1,1,0,0,1,0,0,0,0,1,1,1,0,0,1,0,0
894084107,0.065000005,1.319,1480,1379,1801,1702,1500,0,0,0,0,1000,1000,1000,1000,1000,1000,1000,1000,1000,1000,1000,1000,1000,1000,1000,1000,400,400,400,0,0,0,0,0,1542,1500,1500,1500,1500,1500,1500,1500,1050,1050,1050,1050,874,874,874,874,998,998,1,0,1,1,1,1,1,1,0,0,1,0,0,0,0,1,1,1,0,0,1,0,0
895100430,0.074,1.519,1480,1552,1675,1663,1494,0,0,0,0,1000,1000,1000,1000,1000,1000,1000,1000,1000,1000,1000,1000,1000,1000,1000,1000,400,400,400,0,0,0,0,0,1618,1500,1500,1500,1500,1500,1500,1500,1050,1050,1050,1050,874,874,874,874,998,998,1,0,1,1,1,1,1,1,0,0,1,0,0,0,0,1,1,1,0,0,1,0,0
896121797,0.067,1.3290001,1480,1628,1586,1811,1364,0,0,0,0,1000,1000,1000,1000,1000,1000,1000,1000,1000,1000,1000,1000,1000,1000,1000,1000,400,400,400,0,0,0,0,0,1558,1500,1500,1500,1500,1500,1500,1500,1050,1050,1050,1050,874,874,874,874,998,998,1,0,1,1,1,1,1,1,0,0,1,0,0,0,0,1,1,1,0,0,1,0,0
897147863,0.065000005,1.322,1480,1357,1815,1852,1307,0,0,0,0,1000,1000,1000,1000,1000,1000,1000,1000,1000,1000,1000,1000,1000,1000,1000,1000,400,400,400,0,0,0,0,0,1640,1500,1500,1500,1500,1500,1500,1500,1050,1050,1050,1050,874,874,874,874,998,998,1,0,1,1,1,1,1,1,0,0,1,0,0,0,0,1,1,1,0,0,1,0,0
898156743,0.07,1.5560001,1480,1790,1429,1482,1631,0,0,0,0,1000,1000,1000,1000,1000,1000,1000,1000,1000,1000,1000,1000,1000,1000,1000,1000,400,400,400,0,0,0,0,0,1582,1436,1500,1500,1500,1500,1500,1500,1050,1050,1050,1050,874,874,874,874,998,998,1,0,1,1,1,1,1,1,0,0,1,0,0,0,0,1,1,1,0,0,1,0,0
899185456,0.067,1.5690001,1480,1551,1556,1759,1626,0,0,0,0,1000,1000,1000,1000,1000,1000,1000,1000,1000,1000,1000,1000,1000,1000,1000,1000,400,400,400,0,0,0,0,0,1578,1257,1500,1500,1500,1500,1500,1500,1050,1050,1050,1050,874,874,874,874,998,998,1,0,1,1,1,1,1,1,0,0,1,0,0,0,0,1,1,1,0,0,1,0,0
900214079,0.065000005,1.335,1480,1644,1499,1713,1605,0,0,0,0,1000,1000,1000,1000,1000,1000,1000,1000,1000,1000,1000,1000,1000,1000,1000,1000,400,400,400,0,0,0,0,0,1548,1386,1500,1500,1500,1500,1500,1500,1050,1050,1050,1050,874,874,874,874,998,998,1,0,1,1,1,1,1,1,0,0,1,0,0,0,0,1,1,1,0,0,1,0,0
901225427,0.065000005,1.2930001,1480,1447,1734,1714,1577,0,0,0,0,1000,1000,1000,1000,1000,1000,1000,1000,1000,1000,1000,1000,1000,1000,1000,1000,400,400,400,0,0,0,0,0,1500,1500,1500,1500,1500,1500,1500,1500,1050,1050,1050,1050,874,874,874,874,998,998,1,0,1,1,1,1,1,1,0,0,1,0,0,0,0,1,1,1,0,0,1,0,0
902236683,0.065000005,1.5280001,1480,1660,1575,1593,1563,0,0,0,0,1000,1000,1000,1000,1000,1000,1000,1000,1000,1000,1000,1000,1000,1000,1000,1000,400,400,400,0,0,0,0,0,1500,1500,1500,1500,1500,1500,1500,1500,1050,1050,1050,1050,874,874,874,874,998,998,1,0,1,1,1,1,1,1,0,0,1,0,0,0,0,1,1,1,0,0,1,0,0
903248007,0.065000005,1.5530001,1480,1444,1645,1717,1322,0,0,0,0,1000,1000,1000,1000,1000,1000,1000,1000,1000,1000,1000,1000,1000,1000,1000,1000,400,400,400,0,0,0,0,0,1500,1500,1320,1500,1500,1500,1500,1500,1050,1050,1050,1050,874,874,874,874,998,998,1,0,1,1,1,1,1,1,0,0,1,0,0,0,0,1,1,1,0,0,1,0,0
904259173,0.065000005,1.5430001,1480,1582,1630,1677,1526,0,0,0,0,1000,1000,1000,1000,1000,1000,1000,1000,1000,1000,1000,1000,1000,1000,1000,1000,400,400,400,0,0,0,0,0,1500,1500,1320,1500,1500,1500,1500,1500,1050,1050,1050,1050,874,874,874,874,998,998,1,0,1,1,1,1,1,1,0,0,1,0,0,0,0,1,1,1,0,0,1,0,0
905280394,0.065000005,1.3080001,1480,1872,1377,1435,1805,0,0,0,0,1000,1000,1000,1000,1000,1000,1000,1000,1000,1000,1000,1000,1000,1000,1000,1000,400,400,400,0,0,0,0,0,1500,1500,1287,1500,1500,1500,1500,1500,1050,1050,1050,1050,874,874,874,874,998,998,1,0,1,1,1,1,1,1,0,0,1,0,0,0,0,1,1,1,0,0,1,0,0
906294145,0.060000002,1.3340001,1480,1627,1557,1773,1495,0,0,0,0,1000,1000,1000,1000,1000,1000,1000,1000,1000,1000,1000,1000,1000,1000,1000,1000,400,400,400,0,0,0,0,0,1500,1500,1290,1500,1500,1500,1500,1500,1050,1050,1050,1050,874,874,874,874,998,998,1,0,1,1,1,1,1,1,0,0,1,0,0,0,0,1,1,1,0,0,1,0,0
907302838,0.060000002,1.286,1480,1584,1602,1609,1601,0,0,0,0,1000,1000,1000,1000,1000,1000,1000,1000,1000,1000,1000,1000,1000,1000,1000,1000,400,400,400,0,0,0,0,0,1500,1500,1365,1500,1500,1500,1500,1500,1050,1050,1050,1050,874,874,874,874,998,998,1,0,1,1,1,1,1,1,0,0,1,0,0,0,0,1,1,1,0,0,1,0,0
908311573,0.062000003,1.3410001,1480,1605,1604,1494,1701,0,0,0,0,1000,1000,1000,1000,1000,1000,1000,1000,1000,1000,1000,1000,1000,1000,1000,1000,400,400,400,0,0,0,0,0,1500,1500,1297,1500,1500,1500,1500,1500,1050,1050,1050,1050,874,874,874,874,998,998,1,0,1,1,1,1,1,1,0,0,1,0,0,0,0,1,1,1,0,0,1,0,0
909330493,0.067,1.3010001,1480,1602,1655,1605,1523,0,0,0,0,1000,1000,1000,1000,1000,1000,1000,1000,1000,1000,1000,1000,1000,1000,1000,1000,400,400,400,0,0,0,0,0,1500,1500,1275,1500,1500,1500,1500,1500,1050,1050,1050,1050,874,874,874,874,998,998,1,0,1,1,1,1,1,1,0,0,1,0,0,0,0,1,1,1,0,0,1,0,0
910351699,0.067,1.549,1480,1811,1387,1695,1538,0,0,0,0,1000,1000,1000,1000,1000,1000,1000,1000,1000,1000,1000,1000,1000,1000,1000,1000,400,400,400,0,0,0,0,0,1500,1500,1272,1500,1500,1500,1500,1500,1050,1050,1050,1050,874,874,874,874,998,998,1,0,1,1,1,1,1,1,0,0,1,0,0,0,0,1,1,1,0,0,1,0,0
911375433,0.067,1.3010001,1480,1613,1704,1784,1556,0,0,0,0,1000,1000,1000,1000,1000,1000,1000,1000,1000,1000,1000,1000,1000,1000,1000,1000,400,400,400,0,0,0,0,0,1500,1500,1500,1500,1500,1500,1500,1500,1050,1050,1050,1050,874,874,874,874,998,998,1,0,1,1,1,1,1,1,0,0,1,0,0,0,0,1,1,1,0,0,1,0,0
912386592,0.067,1.3360001,1480,1739,1521,1368,1839,0,0,0,0,1000,1000,1000,1000,1000,1000,1000,1000,1000,1000,1000,1000,1000,1000,1000,1000,400,400,400,0,0,0,0,0,1500,1392,1500,1500,1500,1500,1500,1500,1050,1050,1050,1050,874,874,874,874,998,998,1,0,1,1,1,1,1,1,0,0,1,0,0,0,0,1,1,1,0,0,1,0,0
913400343,0.062000003,1.314,1480,1606,1586,1505,1686,0,0,0,0,1000,1000,1000,1000,1000,1000,1000,1000,1000,1000,1000,1000,1000,1000,1000,1000,400,400,400,0,0,0,0,0,1507,1295,1500,1500,1500,1500,1500,1500,1050,1050,1050,1050,874,874,874,874,998,998,1,0,1,1,1,1,1,1,0,0,1,0,0,0,0,1,1,1,0,0,1,0,0
914426715,0.067,1.5500001,1480,1662,1507,1753,1494,0,0,0,0,1000,1000,1000,1000,1000,1000,1000,1000,1000,1000,1000,1000,1000,1000,1000,1000,400,400,400,0,0,0,0,0,1613,1373,1500,1500,1500,1500,1500,1500,1050,1050,1050,1050,874,874,874,874,998,998,1,0,1,1,1,1,1,1,0,0,1,0,0,0,0,1,1,1,0,0,1,0,0
915435490,0.055000003,1.5380001,1480,1631,1607,1623,1534,0,0,0,0,1000,1000,1000,1000,1000,1000,1000,1000,1000,1000,1000,1000,1000,1000,1000,1000,400,400,400,0,0,0,0,0,1500,1441,1500,1500,1500,1500,1500,1500,1050,1050,1050,1050,874,874,874,874,998,998,1,0,1,1,1,1,1,1,0,0,1,0,0,0,0,1,1,1,0,0,1,0,0
916459223,0.062000003,1.33,1480,1828,1461,1455,1828,0,0,0,0,1000,1000,1000,1000,1000,1000,1000,1000,1000,1000,1000,1000,1000,1000,1000,1000,400,400,400,0,0,0,0,0,1500,1500,1402,1500,1500,1500,1500,1500,1050,1050,1050,1050,874,874,874,874,998,998,1,0,1,1,1,1,1,1,0,0,1,0,0,0,0,1,1,1,0,0,1,0,0
917487853,0.065000005,1.521,1480,1745,1549,1583,1664,0,0,0,0,1000,1000,1000,1000,1000,1000,1000,1000,1000,1000,1000,1000,1000,1000,1000,1000,400,400,400,0,0,0,0,0,1500,1500,1293,1500,1500,1500,1500,1500,1050,1050,1050,1050,874,874,874,874,998,998,1,0,1,1,1,1,1,1,0,0,1,0,0,0,0,1,1,1,0,0,1,0,0
918516638,0.067,1.565,1480,1813,1330,1636,1586,0,0,0,0,1000,1000,1000,1000,1000,1000,1000,1000,1000,1000,1000,1000,1000,1000,1000,1000,400,400,400,0,0,0,0,0,1500,1500,1301,1500,1500,1500,1500,1500,1050,1050,1050,1050,874,874,874,874,998,998,1,0,1,1,1,1,1,1,0,0,1,0,0,0,0,1,1,1,0,0,1,0,0
919527978,0.060000002,1.5710001,1480,1729,1416,1652,1560,0,0,0,0,1000,1000,1000,1000,1000,1000,1000,1000,1000,1000,1000,1000,1000,1000,1000,1000,400,400,400,0,0,0,0,0,1500,1500,1295,1500,1500,1500,1500,1500,1050,1050,1050,1050,874,874,874,874,998,998,1,0,1,1,1,1,1,1,0,0,1,0,0,0,0,1,1,1,0,0,1,0,0
920541614,0.065000005,1.3260001,1480,1554,1650,1674,1503,0,0,0,0,1000,1000,1000,1000,1000,1000,1000,1000,1000,1000,1000,1000,1000,1000,1000,1000,400,400,400,0,0,0,0,0,1500,1500,1500,1552,1500,1500,1500,1500,1050,1050,1050,1050,874,874,874,874,998,998,1,0,1,1,1,1,1,1,0,0,1,0,0,0,0,1,1,1,0,0,1,0,0
921550367,0.065000005,1.3260001,1480,1733,1503,1489,1684,0,0,0,0,1000,1000,1000,1000,1000,1000,1000,1000,1000,1000,1000,1000,1000,1000,1000,1000,400,400,400,0,0,0,0,0,1500,1500,1500,1603,1500,1500,1500,1500,1050,1050,1050,1050,874,874,874,874,998,998,1,0,1,1,1,1,1,1,0,0,1,0,0,0,0,1,1,1,0,0,1,0,0
922574119,0.067,1.529,1480,1745,1524,1456,1703,0,0,0,0,1000,1000,1000,1000,1000,1000,1000,1000,1000,1000,1000,1000,1000,1000,1000,1000,400,400,400,0,0,0,0,0,1500,1462,1500,1500,1500,1500,1500,1500,1050,1050,1050,1050,874,874,874,874,998,998,1,0,1,1,1,1,1,1,0,0,1,0,0,0,0,1,1,1,0,0,1,0,0
923582869,0.05,1.3050001,1480,1456,1749,1899,1308,0,0,0,0,1000,1000,1000,1000,1000,1000,1000,1000,1000,1000,1000,1000,1000,1000,1000,1000,400,400,400,0,0,0,0,0,1500,1293,1500,1500,1500,1500,1500,1500,1050,1050,1050,1050,874,874,874,874,998,998,1,0,1,1,1,1,1,1,0,0,1,0,0,0,0,1,1,1,0,0,1,0,0
924591585,0.065000005,1.297,1480,1538,1604,1549,1698,0,0,0,0,1000,1000,1000,1000,1000,1000,1000,1000,1000,1000,1000,1000,1000,1000,1000,1000,400,400,400,0,0,0,0,0,1500,1256,1500,1500,1500,1500,1500,1500,1050,1050,1050,1050,874,874,874,874,998,998,1,0,1,1,1,1,1,1,0,0,1,0,0,0,0,1,1,1,0,0,1,0,0
925617963,0.067,1.5630001,1480,1623,1646,1674,1510,0,0,0,0,1000,1000,1000,1000,1000,1000,1000,1000,1000,1000,1000,1000,1000,1000,1000,1000,400,400,400,0,0,0,0,0,1500,1310,1500,1500,1500,1500,1500,1500,1050,1050,1050,1050,874,874,874,874,998,998,1,0,1,1,1,1,1,1,0,0,1,0,0,0,0,1,1,1,0,0,1,0,0
926629247,0.065000005,1.5460001,1480,1638,1638,1546,1615,0,0,0,0,1000,1000,1000,1000,1000,1000,1000,1000,1000,1000,1000,1000,1000,1000,1000,1000,400,400,400,0,0,0,0,0,1500,1327,1430,1500,1500,1500,1500,1500,1050,1050,1050,1050,874,874,874,874,998,998,1,0,1,1,1,1,1,1,0,0,1,0,0,0,0,1,1,1,0,0,1,0,0
927655364,0.067,1.4940001,1480,1778,1470,1335,1819,0,0,0,0,1000,1000,1000,1000,1000,1000,1000,1000,1000,1000,1000,1000,1000,1000,1000,1000,400,400,400,0,0,0,0,0,1500,1337,1398,1500,1500,1500,1500,1500,1050,1050,1050,1050,874,874,874,874,998,998,1,0,1,1,1,1,1,1,0,0,1,0,0,0,0,1,1,1,0,0,1,0,0
928684277,0.062000003,1.526,1480,1660,1607,1753,1350,0,0,0,0,1000,1000,1000,1000,1000,1000,1000,1000,1000,1000,1000,1000,1000,1000,1000,1000,400,400,400,0,0,0,0,0,1461,1466,1500,1500,1500,1500,1500,1500,1050,1050,1050,1050,874,874,874,874,998,998,1,0,1,1,1,1,1,1,0,0,1,0,0,0,0,1,1,1,0,0,1,0,0
929700347,0.065000005,1.5400001,1480,1381,1890,1893,1372,0,0,0,0,1000,1000,1000,1000,1000,1000,1000,1000,1000,1000,1000,1000,1000,1000,1000,1000,400,400,400,0,0,0,0,0,1316,1681,1500,1500,1500,1500,1500,1500,1050,1050,1050,1050,874,874,874,874,998,998,1,0,1,1,1,1,1,1,0,0,1,0,0,0,0,1,1,1,0,0,1,0,0
930724142,0.067,1.536,1480,1617,1600,1542,1740,0,0,0,0,1000,1000,1000,1000,1000,1000,1000,1000,1000,1000,1000,1000,1000,1000,1000,1000,400,400,400,0,0,0,0,0,1440,1788,1500,1500,1500,1500,1500,1500,1050,1050,1050,1050,874,874,874,874,998,998,1,0,1,1,1,1,1,1,0,0,1,0,0,0,0,1,1,1,0,0,1,0,0
931750511,0.067,1.5250001,1480,1535,1577,1788,1459,0,0,0,0,1000,1000,1000,1000,1000,1000,1000,1000,1000,1000,1000,1000,1000,1000,1000,1000,400,400,400,0,0,0,0,0,1500,1668,1500,1500,1500,1500,1500,1500,1050,1050,1050,1050,874,874,874,874,998,998,1,0,1,1,1,1,1,1,0,0,1,0,0,0,0,1,1,1,0,0,1,0,0
932774251,0.07,1.5300001,1480,1806,1425,1414,1749,0,0,0,0,1000,1000,1000,1000,1000,1000,1000,1000,1000,1000,1000,1000,1000,1000,1000,1000,400,400,400,0,0,0,0,0,1517,1693,1500,1500,1500,1500,1500,1500,1050,1050,1050,1050,874,874,874,874,998,998,1,0,1,1,1,1,1,1,0,0,1,0,0,0,0,1,1,1,0,0,1,0,0
933797994,0.067,1.5350001,1480,1414,1634,1614,1686,0,0,0,0,1000,1000,1000,1000,1000,1000,1000,1000,1000,1000,1000,1000,1000,1000,1000,1000,400,400,400,0,0,0,0,0,1615,1531,1500,1500,1500,1500,1500,1500,1050,1050,1050,1050,874,874,874,874,998,998,1,0,1,1,1,1,1,1,0,0,1,0,0,0,0,1,1,1,0,0,1,0,0
934824229,0.060000002,1.297,1480,1748,1475,1418,1837,0,0,0,0,1000,1000,1000,1000,1000,1000,1000,1000,1000,1000,1000,1000,1000,1000,1000,1000,400,400,400,0,0,0,0,0,1758,1528,1500,1500,1500,1500,1500,1500,1050,1050,1050,1050,874,874,874,874,998,998,1,0,1,1,1,1,1,1,0,0,1,0,0,0,0,1,1,1,0,0,1,0,0
935832846,0.065000005,1.5270001,1480,1813,1420,1492,1657,0,0,0,0,1000,1000,1000,1000,1000,1000,1000,1000,1000,1000,1000,1000,1000,1000,1000,1000,400,400,400,0,0,0,0,0,1500,1558,1500,1500,1500,1500,1500,1500,1050,1050,1050,1050,874,874,874,874,998,998,1,0,1,1,1,1,1,1,0,0,1,0,0,0,0,1,1,1,0,0,1,0,0
936856664,0.065000005,1.299,1480,1652,1597,1438,1847,0,0,0,0,1000,1000,1000,1000,1000,1000,1000,1000,1000,1000,1000,1000,1000,1000,1000,1000,400,400,400,0,0,0,0,0,1500,1638,1500,1500,1500,1500,1500,1500,1050,1050,1050,1050,874,874,874,874,998,998,1,0,1,1,1,1,1,1,0,0,1,0,0,0,0,1,1,1,0,0,1,0,0
937882915,0.067,1.3180001,1480,1772,1407,1706,1530,0,0,0,0,1000,1000,1000,1000,1000,1000,1000,1000,1000,1000,1000,1000,1000,1000,1000,1000,400,400,400,0,0,0,0,0,1518,1517,1500,1500,1500,1500,1500,1500,1050,1050,1050,1050,874,874,874,874,998,998,1,0,1,1,1,1,1,1,0,0,1,0,0,0,0,1,1,1,0,0,1,0,0
938911629,0.055000003,1.343,1480,1676,1606,1802,1354,0,0,0,0,1000,1000,1000,1000,1000,1000,1000,1000,1000,1000,1000,1000,1000,1000,1000,1000,400,400,400,0,0,0,0,0,1623,1542,1500,1500,1500,1500,1500,1500,1050,1050,1050,1050,874,874,874,874,998,998,1,0,1,1,1,1,1,1,0,0,1,0,0,0,0,1,1,1,0,0,1,0,0
939932924,0.055000003,1.3130001,1480,1754,1500,1425,1790,0,0,0,0,1000,1000,1000,1000,1000,1000,1000,1000,1000,1000,1000,1000,1000,1000,1000,1000,400,400,400,0,0,0,0,0,1500,1500,1500,1500,1500,1500,1500,1500,1050,1050,1050,1050,874,874,874,874,998,998,1,0,1,1,1,1,1,1,0,0,1,0,0,0,0,1,1,1,0,0,1,0,0
940961651,0.065000005,1.526,1480,1590,1610,1731,1484,0,0,0,0,1000,1000,1000,1000,1000,1000,1000,1000,1000,1000,1000,1000,1000,1000,1000,1000,400,400,400,0,0,0,0,0,1500,1500,1500,1500,1500,1500,1500,1500,1050,1050,1050,1050,874,874,874,874,998,998,1,0,1,1,1,1,1,1,0,0,1,0,0,0,0,1,1,1,0,0,1,0,0
941973029,0.065000005,1.524,1480,1553,1608,1728,1535,0,0,0,0,1000,1000,1000,1000,1000,1000,1000,1000,1000,1000,1000,1000,1000,1000,1000,1000,400,400,400,0,0,0,0,0,1500,1500,1500,1500,1500,1500,1500,1500,1050,1050,1050,1050,874,874,874,874,998,998,1,0,1,1,1,1,1,1,0,0,1,0,0,0,0,1,1,1,0,0,1,0,0
942999243,0.067,1.3180001,1480,1623,1563,1742,1446,0,0,0,0,1000,1000,1000,1000,1000,1000,1000,1000,1000,1000,1000,1000,1000,1000,1000,1000,400,400,400,0,0,0,0,0,1500,1500,1500,1500,1500,1500,1500,1500,1050,1050,1050,1050,874,874,874,874,998,998,1,0,1,1,1,1,1,1,0,0,1,0,0,0,0,1,1,1,0,0,1,0,0
944017959,0.067,1.557,1480,1693,1521,1506,1734,0,0,0,0,1000,1000,1000,1000,1000,1000,1000,1000,1000,1000,1000,1000,1000,1000,1000,1000,400,400,400,0,0,0,0,0,1500,1500,1500,1500,1500,1500,1500,1500,1050,1050,1050,1050,874,874,874,874,998,998,1,0,1,1,1,1,1,1,0,0,1,0,0,0,0,1,1,1,0,0,1,0,0
945026757,0.07,1.534,1480,1546,1611,1756,1456,0,0,0,0,1000,1000,1000,1000,1000,1000,1000,1000,1000,1000,1000,1000,1000,1000,1000,1000,400,400,400,0,0,0,0,0,1500,1500,1500,1500,1500,1500,1500,1500,1050,1050,1050,1050,874,874,874,874,998,998,1,0,1,1,1,1,1,1,0,0,1,0,0,0,0,1,1,1,0,0,1,0,0
946040421,0.07,1.5660001,1480,1896,1267,1394,1782,0,0,0,0,1000,1000,1000,1000,1000,1000,1000,1000,1000,1000,1000,1000,1000,1000,1000,1000,400,400,400,0,0,0,0,0,1500,1500,1500,1500,1500,1500,1500,1500,1050,1050,1050,1050,874,874,874,874,998,998,1,0,1,1,1,1,1,1,0,0,1,0,0,0,0,1,1,1,0,0,1,0,0
947059269,0.065000005,1.519,1480,1589,1621,1618,1603,0,0,0,0,1000,1000,1000,1000,1000,1000,1000,1000,1000,1000,1000,1000,1000,1000,1000,1000,400,400,400,0,0,0,0,0,1500,1500,1500,1500,1500,1500,1500,1500,1050,1050,1050,1050,874,874,874,874,998,998,1,0,1,1,1,1,1,1,0,0,1,0,0,0,0,1,1,1,0,0,1,0,0
948082990,0.065000005,1.5510001,1480,1815,1477,1635,1639,0,0,0,0,1000,1000,1000,1000,1000,1000,1000,1000,1000,1000,1000,1000,1000,1000,1000,1000,400,400,400,0,0,0,0,0,1500,1500,1500,1500,1500,1500,1500,1500,1050,1050,1050,1050,874,874,874,874,998,998,1,0,1,1,1,1,1,1,0,0,1,0,0,0,0,1,1,1,0,0,1,0,0
949096593,0.065000005,1.2930001,1480,1642,1614,1651,1565,0,0,0,0,1000,1000,1000,1000,1000,1000,1000,1000,1000,1000,1000,1000,1000,1000,1000,1000,400,400,400,0,0,0,0,0,1500,1500,1500,1500,1500,1500,1500,1500,1050,1050,1050,1050,874,874,874,874,998,998,1,0,1,1,1,1,1,1,0,0,1,0,0,0,0,1,1,1,0,0,1,0,0
950113001,0.067,1.5410001,1480,1645,1575,1780,1422,0,0,0,0,1000,1000,1000,1000,1000,1000,1000,1000,1000,1000,1000,1000,1000,1000,1000,1000,400,400,400,0,0,0,0,0,1500,1500,1500,1500,1500,1500,1500,1500,1050,1050,1050,1050,874,874,874,874,998,998,1,0,1,1,1,1,1,1,0,0,1,0,0,0,0,1,1,1,0,0,1,0,0
951136609,0.067,1.539,1480,1857,1427,1484,1722,0,0,0,0,1000,1000,1000,1000,1000,1000,1000,1000,1000,1000,1000,1000,1000,1000,1000,1000,400,400,400,0,0,0,0,0,1500,1500,1500,1500,1500,1500,1500,1500,1050,1050,1050,1050,874,874,874,874,998,998,1,0,1,1,1,1,1,1,0,0,1,0,0,0,0,1,1,1,0,0,1,0,0
952155479,0.067,1.5510001,1480,1627,1603,1596,1620,0,0,0,0,1000,1000,1000,1000,1000,1000,1000,1000,1000,1000,1000,1000,1000,1000,1000,1000,400,400,400,0,0,0,0,0,1500,1500,1500,1500,1500,1500,1500,1500,1050,1050,1050,1050,874,874,874,874,998,998,1,0,1,1,1,1,1,1,0,0,1,0,0,0,0,1,1,1,0,0,1,0,0
953171663,0.07,1.542,1480,1900,1116,1161,1797,0,0,0,0,1000,1000,1000,1000,1000,1000,1000,1000,1000,1000,1000,1000,1000,1000,1000,1000,400,400,400,0,0,0,0,0,1500,1500,1500,1500,1500,1500,1500,1500,1050,1050,1050,1050,874,874,874,874,998,998,1,0,1,1,1,1,1,1,0,0,1,0,0,0,0,1,1,1,0,0,1,0,0
954180344,0.065000005,1.307,1480,1891,1265,1525,1666,0,0,0,0,1000,1000,1000,1000,1000,1000,1000,1000,1000,1000,1000,1000,1000,1000,1000,1000,400,400,400,0,0,0,0,0,1500,1500,1500,1500,1500,1500,1500,1500,1050,1050,1050,1050,874,874,874,874,998,998,1,0,1,1,1,1,1,1,0,0,1,0,0,0,0,1,1,1,0,0,1,0,0
955206687,0.065000005,1.542,1480,1830,1379,1479,1698,0,0,0,0,1000,1000,1000,1000,1000,1000,1000,1000,1000,1000,1000,1000,1000,1000,1000,1000,400,400,400,0,0,0,0,0,1500,1500,1500,1500,1500,1500,1500,1500,1050,1050,1050,1050,874,874,874,874,998,998,1,0,1,1,1,1,1,1,0,0,1,0,0,0,0,1,1,1,0,0,1,0,0
956218003,0.065000005,1.315,1480,1611,1590,1722,1421,0,0,0,0,1000,1000,1000,1000,1000,1000,1000,1000,1000,1000,1000,1000,1000,1000,1000,1000,400,400,400,0,0,0,0,0,1500,1500,1500,1500,1500,1500,1500,1500,1050,1050,1050,1050,874,874,874,874,998,998,1,0,1,1,1,1,1,1,0,0,1,0,0,0,0,1,1,1,0,0,1,0,0
957236684,0.060000002,1.3260001,1480,1554,1622,1630,1628,0,0,0,0,1000,1000,1000,1000,1000,1000,1000,1000,1000,1000,1000,1000,1000,1000,1000,1000,400,400,400,0,0,0,0,0,1500,1500,1500,1500,1500,1500,1500,1500,1050,1050,1050,1050,874,874,874,874,998,998,1,0,1,1,1,1,1,1,0,0,1,0,0,0,0,1,1,1,0,0,1,0,0
958247995,0.062000003,1.3340001,1480,1361,1836,1832,1289,0,0,0,0,1000,1000,1000,1000,1000,1000,1000,1000,1000,1000,1000,1000,1000,1000,1000,1000,400,400,400,0,0,0,0,0,1500,1500,1500,1500,1500,1500,1500,1500,1050,1050,1050,1050,874,874,874,874,998,998,1,0,1,1,1,1,1,1,0,0,1,0,0,0,0,1,1,1,0,0,1,0,0
959261668,0.067,1.3100001,1480,1600,1580,1523,1564,0,0,0,0,1000,1000,1000,1000,1000,1000,1000,1000,1000,1000,1000,1000,1000,1000,1000,1000,400,400,400,0,0,0,0,0,1500,1500,1500,1500,1500,1500,1500,1500,1050,1050,1050,1050,874,874,874,874,998,998,1,0,1,1,1,1,1,1,0,0,1,0,0,0,0,1,1,1,0,0,1,0,0
960280418,0.07,1.5300001,1480,1567,1646,1709,1479,0,0,0,0,1000,1000,1000,1000,1000,1000,1000,1000,1000,1000,1000,1000,1000,1000,1000,1000,400,400,400,0,0,0,0,0,1500,1500,1500,1500,1500,1500,1500,1500,1050,1050,1050,1050,874,874,874,874,998,998,1,0,1,1,1,1,1,1,0,0,1,0,0,0,0,1,1,1,0,0,1,0,0
961306662,0.060000002,1.3060001,1480,1749,1405,1546,1647,0,0,0,0,1000,1000,1000,1000,1000,1000,1000,1000,1000,1000,1000,1000,1000,1000,1000,1000,400,400,400,0,0,0,0,0,1500,1500,1500,1500,1500,1500,1500,1500,1050,1050,1050,1050,874,874,874,874,998,998,1,0,1,1,1,1,1,1,0,0,1,0,0,0,0,1,1,1,0,0,1,0,0
962315493,0.060000002,1.3340001,1480,1663,1457,1864,1435,0,0,0,0,1000,1000,1000,1000,1000,1000,1000,1000,1000,1000,1000,1000,1000,1000,1000,1000,400,400,400,0,0,0,0,0,1500,1500,1500,1500,1500,1500,1500,1500,1050,1050,1050,1050,874,874,874,874,998,998,1,0,1,1,1,1,1,1,0,0,1,0,0,0,0,1,1,1,0,0,1,0,0
963329105,0.065000005,1.3130001,1480,1776,1431,1554,1632,0,0,0,0,1000,1000,1000,1000,1000,1000,1000,1000,1000,1000,1000,1000,1000,1000,1000,1000,400,400,400,0,0,0,0,0,1500,1500,1500,1500,1500,1500,1500,1500,1050,1050,1050,1050,874,874,874,874,998,998,1,0,1,1,1,1,1,1,0,0,1,0,0,0,0,1,1,1,0,0,1,0,0
964342948,0.067,1.5230001,1480,1702,1548,1529,1678,0,0,0,0,1000,1000,1000,1000,1000,1000,1000,1000,1000,1000,1000,1000,1000,1000,1000,1000,400,400,400,0,0,0,0,0,1500,1500,1500,1500,1950,1500,1500,1500,1050,1050,1050,1050,874,874,874,874,998,998,1,0,1,1,1,1,1,1,0,0,1,0,0,0,0,1,1,1,0,0,1,0,0
965359094,0.067,1.5610001,1480,1571,1685,1706,1569,0,0,0,0,1000,1000,1000,1000,1000,1000,1000,1000,1000,1000,1000,1000,1000,1000,1000,1000,400,400,400,0,0,0,0,0,1500,1500,1500,1500,1950,1500,1500,1500,1050,1050,1050,1050,874,874,874,874,998,998,1,0,1,1,1,1,1,1,0,0,1,0,0,0,0,1,1,1,0,0,1,0,0
966385409,0.067,1.565,1480,1502,1658,1764,1471,0,0,0,0,1000,1000,1000,1000,1000,1000,1000,1000,1000,1000,1000,1000,1000,1000,1000,1000,400,400,400,0,0,0,0,0,1500,1500,1500,1500,1950,1500,1500,1500,1050,1050,1050,1050,874,874,874,874,998,998,1,0,1,1,1,1,1,1,0,0,1,0,0,0,0,1,1,1,0,0,1,0,0
967399206,0.067,1.3010001,1480,1656,1582,1729,1497,0,0,0,0,1000,1000,1000,1000,1000,1000,1000,1000,1000,1000,1000,1000,1000,1000,1000,1000,400,400,400,0,0,0,0,0,1500,1500,1500,1500,1950,1500,1500,1500,1050,1050,1050,1050,874,874,874,874,998,998,1,0,1,1,1,1,1,1,0,0,1,0,0,0,0,1,1,1,0,0,1,0,0
968422925,0.065000005,1.2930001,1480,1739,1523,1473,1820,0,0,0,0,1000,1000,1000,1000,1000,1000,1000,1000,1000,1000,1000,1000,1000,1000,1000,1000,400,400,400,0,0,0,0,0,1500,1500,1500,1500,1950,1500,1500,1500,1050,1050,1050,1050,874,874,874,874,998,998,1,0,1,1,1,1,1,1,0,0,1,0,0,0,0,1,1,1,0,0,1,0,0
969441795,0.065000005,1.294,1480,1683,1655,1608,1632,0,0,0,0,1000,1000,1000,1000,1000,1000,1000,1000,1000,1000,1000,1000,1000,1000,1000,1000,400,400,400,0,0,0,0,0,1500,1500,1500,1500,1950,1500,1500,1500,1050,1050,1050,1050,874,874,874,874,998,998,1,0,1,1,1,1,1,1,0,0,1,0,0,0,0,1,1,1,0,0,1,0,0
970450444,0.065000005,1.314,1480,1731,1598,1484,1669,0,0,0,0,1000,1000,1000,1000,1000,1000,1000,1000,1000,1000,1000,1000,1000,1000,1000,1000,400,400,400,0,0,0,0,0,1500,1500,1500,1500,1950,1500,1500,1500,1050,1050,1050,1050,874,874,874,874,998,998,1,0,1,1,1,1,1,1,0,0,1,0,0,0,0,1,1,1,0,0,1,0,0
971476712,0.065000005,1.5970001,1480,1590,1656,1662,1517,0,0,0,0,1000,1000,1000,1000,1000,1000,1000,1000,1000,1000,1000,1000,1000,1000,1000,1000,400,400,400,0,0,0,0,0,1500,1500,1500,1500,1950,1500,1500,1500,1050,1050,1050,1050,874,874,874,874,998,998,1,0,1,1,1,1,1,1,0,0,1,0,0,0,0,1,1,1,0,0,1,0,0
972495430,0.067,1.3240001,1480,1682,1413,1445,1864,0,0,0,0,1000,1000,1000,1000,1000,1000,1000,1000,1000,1000,1000,1000,1000,1000,1000,1000,400,400,400,0,0,0,0,0,1500,1500,1500,1500,1950,1500,1500,1500,1050,1050,1050,1050,874,874,874,874,998,998,1,0,1,1,1,1,1,1,0,0,1,0,0,0,0,1,1,1,0,0,1,0,0
973506757,0.067,1.562,1480,1803,1341,1498,1612,0,0,0,0,1000,1000,1000,1000,1000,1000,1000,1000,1000,1000,1000,1000,1000,1000,1000,1000,400,400,400,0,0,0,0,0,1500,1500,1500,1500,1950,1500,1500,1500,1050,1050,1050,1050,874,874,874,874,998,998,1,0,1,1,1,1,1,1,0,0,1,0,0,0,0,1,1,1,0,0,1,0,0
974530500,0.07,1.3540001,1480,1671,1560,1649,1513,0,0,0,0,1000,1000,1000,1000,1000,1000,1000,1000,1000,1000,1000,1000,1000,1000,1000,1000,400,400,400,0,0,0,0,0,1500,1500,1500,1500,1950,1500,1500,1500,1050,1050,1050,1050,874,874,874,874,998,998,1,0,1,1,1,1,1,1,0,0,1,0,0,0,0,1,1,1,0,0,1,0,0
975539231,0.062000003,1.5320001,1480,1630,1664,1715,1362,0,0,0,0,1000,1000,1000,1000,1000,1000,1000,1000,1000,1000,1000,1000,1000,1000,1000,1000,400,400,400,0,0,0,0,0,1500,1500,1500,1500,1950,1500,1500,1500,1050,1050,1050,1050,874,874,874,874,998,998,1,0,1,1,1,1,1,1,0,0,1,0,0,0,0,1,1,1,0,0,1,0,0
976562838,0.058000002,1.32,1480,1440,1680,1816,1400,0,0,0,0,1000,1000,1000,1000,1000,1000,1000,1000,1000,1000,1000,1000,1000,1000,1000,1000,400,400,400,0,0,0,0,0,1500,1500,1500,1500,1950,1500,1500,1500,1050,1050,1050,1050,874,874,874,874,998,998,1,0,1,1,1,1,1,1,0,0,1,0,0,0,0,1,1,1,0,0,1,0,0
977571617,0.067,1.315,1480,1873,1262,1626,1618,0,0,0,0,1000,1000,1000,1000,1000,1000,1000,1000,1000,1000,1000,1000,1000,1000,1000,1000,400,400,400,0,0,0,0,0,1500,1500,1500,1500,1950,1500,1500,1500,1050,1050,1050,1050,874,874,874,874,998,998,1,0,1,1,1,1,1,1,0,0,1,0,0,0,0,1,1,1,0,0,1,0,0
978580433,0.067,1.337,1480,1408,1798,1843,1357,0,0,0,0,1000,1000,1000,1000,1000,1000,1000,1000,1000,1000,1000,1000,1000,1000,1000,1000,400,400,400,0,0,0,0,0,1500,1500,1500,1500,1950,1500,1500,1500,1050,1050,1050,1050,874,874,874,874,998,998,1,0,1,1,1,1,1,1,0,0,1,0,0,0,0,1,1,1,0,0,1,0,0
979604155,0.065000005,1.3260001,1480,1472,1730,1844,1443,0,0,0,0,1000,1000,1000,1000,1000,1000,1000,1000,1000,1000,1000,1000,1000,1000,1000,1000,400,400,400,0,0,0,0,0,1500,1500,1500,1500,1950,1500,1500,1500,1050,1050,1050,1050,874,874,874,874,998,998,1,0,1,1,1,1,1,1,0,0,1,0,0,0,0,1,1,1,0,0,1,0,0
980612857,0.060000002,1.536,1480,1639,1592,1811,1471,0,0,0,0,1000,1000,1000,1000,1000,1000,1000,1000,1000,1000,1000,1000,1000,1000,1000,1000,400,400,400,0,0,0,0,0,1500,1500,1500,1500,1950,1500,1500,1500,1050,1050,1050,1050,874,874,874,874,998,998,1,0,1,1,1,1,1,1,0,0,1,0,0,0,0,1,1,1,0,0,1,0,0
981626788,0.067,1.539,1480,1526,1603,1810,1558,0,0,0,0,1000,1000,1000,1000,1000,1000,1000,1000,1000,1000,1000,1000,1000,1000,1000,1000,400,400,400,0,0,0,0,0,1500,1500,1500,1500,1950,1500,1500,1500,1050,1050,1050,1050,874,874,874,874,998,998,1,0,1,1,1,1,1,1,0,0,1,0,0,0,0,1,1,1,0,0,1,0,0
982650514,0.065000005,1.2980001,1480,1489,1726,1725,1588,0,0,0,0,1000,1000,1000,1000,1000,1000,1000,1000,1000,1000,1000,1000,1000,1000,1000,1000,400,400,400,0,0,0,0,0,1500,1500,1500,1500,1950,1500,1500,1500,1050,1050,1050,1050,874,874,874,874,998,998,1,0,1,1,1,1,1,1,0,0,1,0,0,0,0,1,1,1,0,0,1,0,0
983666592,0.067,1.5500001,1480,1717,1600,1823,1327,0,0,0,0,1000,1000,1000,1000,1000,1000,1000,1000,1000,1000,1000,1000,1000,1000,1000,1000,400,400,400,0,0,0,0,0,1500,1500,1500,1500,1950,1500,1500,1500,1050,1050,1050,1050,874,874,874,874,998,998,1,0,1,1,1,1,1,1,0,0,1,0,0,0,0,1,1,1,0,0,1,0,0
984675340,0.065000005,1.3210001,1480,1900,1100,1122,1670,0,0,0,0,1000,1000,1000,1000,1000,1000,1000,1000,1000,1000,1000,1000,1000,1000,1000,1000,400,400,400,0,0,0,0,0,1500,1500,1500,1500,1950,1500,1500,1500,1050,1050,1050,1050,874,874,874,874,998,998,1,0,1,1,1,1,1,1,0,0,1,0,0,0,0,1,1,1,0,0,1,0,0
985689143,0.067,1.524,1480,1689,1422,1614,1691,0,0,0,0,1000,1000,1000,1000,1000,1000,1000,1000,1000,1000,1000,1000,1000,1000,1000,1000,400,400,400,0,0,0,0,0,1500,1500,1500,1500,1950,1500,1500,1500,1050,1050,1050,1050,874,874,874,874,998,998,1,0,1,1,1,1,1,1,0,0,1,0,0,0,0,1,1,1,0,0,1,0,0
986712909,0.067,1.547,1480,1512,1555,1900,1201,0,0,0,0,1000,1000,1000,1000,1000,1000,1000,1000,1000,1000,1000,1000,1000,1000,1000,1000,400,400,400,0,0,0,0,0,1500,1500,1500,1500,1950,1500,1500,1500,1050,1050,1050,1050,874,874,874,874,998,998,1,0,1,1,1,1,1,1,0,0,1,0,0,0,0,1,1,1,0,0,1,0,0
987726677,0.072000004,1.342,1480,1624,1600,1672,1594,0,0,0,0,1000,1000,1000,1000,1000,1000,1000,1000,1000,1000,1000,1000,1000,1000,1000,1000,400,400,400,0,0,0,0,0,1500,1500,1500,1500,1950,1500,1500,1500,1050,1050,1050,1050,874,874,874,874,998,998,1,0,1,1,1,1,1,1,0,0,1,0,0,0,0,1,1,1,0,0,1,0,0
988740357,0.065000005,1.516,1480,1789,1516,1513,1813,0,0,0,0,1000,1000,1000,1000,1000,1000,1000,1000,1000,1000,1000,1000,1000,1000,1000,1000,400,400,400,0,0,0,0,0,1500,1500,1500,1500,1950,1500,1500,1500,1050,1050,1050,1050,874,874,874,874,998,998,1,0,1,1,1,1,1,1,0,0,1,0,0,0,0,1,1,1,0,0,1,0,0
989754210,0.067,1.3010001,1480,1422,1786,1587,1479,0,0,0,0,1000,1000,1000,1000,1000,1000,1000,1000,1000,1000,1000,1000,1000,1000,1000,1000,400,400,400,0,0,0,0,0,1500,1500,1500,1500,1950,1500,1500,1500,1050,1050,1050,1050,874,874,874,874,998,998,1,0,1,1,1,1,1,1,0,0,1,0,0,0,0,1,1,1,0,0,1,0,0
990775441,0.067,1.5380001,1480,1741,1429,1404,1579,0,0,0,0,1000,1000,1000,1000,1000,1000,1000,1000,1000,1000,1000,1000,1000,1000,1000,1000,400,400,400,0,0,0,0,0,1500,1500,1500,1500,1950,1500,1500,1500,1050,1050,1050,1050,874,874,874,874,998,998,1,0,1,1,1,1,1,1,0,0,1,0,0,0,0,1,1,1,0,0,1,0,0
991796666,0.067,1.557,1480,1725,1472,1552,1496,0,0,0,0,1000,1000,1000,1000,1000,1000,1000,1000,1000,1000,1000,1000,1000,1000,1000,1000,400,400,400,0,0,0,0,0,1500,1500,1500,1500,1950,1500,1500,1500,1050,1050,1050,1050,874,874,874,874,998,998,1,0,1,1,1,1,1,1,0,0,1,0,0,0,0,1,1,1,0,0,1,0,0
992820416,0.065000005,1.3290001,1480,1446,1785,1785,1441,0,0,0,0,1000,1000,1000,1000,1000,1000,1000,1000,1000,1000,1000,1000,1000,1000,1000,1000,400,400,400,0,0,0,0,0,1500,1500,1500,1500,1950,1500,1500,1500,1050,1050,1050,1050,874,874,874,874,998,998,1,0,1,1,1,1,1,1,0,0,1,0,0,0,0,1,1,1,0,0,1,0,0
993844133,0.065000005,1.3110001,1480,1900,1217,1426,1522,0,0,0,0,1000,1000,1000,1000,1000,1000,1000,1000,1000,1000,1000,1000,1000,1000,1000,1000,400,400,400,0,0,0,0,0,1500,1500,1500,1500,1950,1500,1500,1500,1050,1050,1050,1050,874,874,874,874,998,998,1,0,1,1,1,1,1,1,0,0,1,0,0,0,0,1,1,1,0,0,1,0,0
994852921,0.067,1.5640001,1480,1633,1696,1645,1605,0,0,0,0,1000,1000,1000,1000,1000,1000,1000,1000,1000,1000,1000,1000,1000,1000,1000,1000,400,400,400,0,0,0,0,0,1500,1500,1500,1500,1950,1500,1500,1500,1050,1050,1050,1050,874,874,874,874,998,998,1,0,1,1,1,1,1,1,0,0,1,0,0,0,0,1,1,1,0,0,1,0,0
995861695,0.065000005,1.3030001,1480,1641,1564,1689,1376,0,0,0,0,1000,1000,1000,1000,1000,1000,1000,1000,1000,1000,1000,1000,1000,1000,1000,1000,400,400,400,0,0,0,0,0,1500,1500,1500,1500,1950,1500,1500,1500,1050,1050,1050,1050,874,874,874,874,998,998,1,0,1,1,1,1,1,1,0,0,1,0,0,0,0,1,1,1,0,0,1,0,0
996885484,0.087000005,1.3620001,1480,1734,1506,1496,1623,0,0,0,0,1000,1000,1000,1000,1000,1000,1000,1000,1000,1000,1000,1000,1000,1000,1000,1000,400,400,400,0,0,0,0,0,1500,1500,1500,1500,1950,1500,1500,1500,1050,1050,1050,1050,874,874,874,874,998,998,1,0,1,1,1,1,1,1,0,0,1,0,0,0,0,1,1,1,0,0,1,0,0
997904170,0.065000005,1.5400001,1480,1900,1290,1411,1765,0,0,0,0,1000,1000,1000,1000,1000,1000,1000,1000,1000,1000,1000,1000,1000,1000,1000,1000,400,400,400,0,0,0,0,0,1500,1500,1500,1500,1950,1500,1500,1500,1050,1050,1050,1050,874,874,874,874,998,998,1,0,1,1,1,1,1,1,0,0,1,0,0,0,0,1,1,1,0,0,1,0,0
998917843,0.065000005,1.529,1480,1749,1460,1550,1781,0,0,0,0,1000,1000,1000,1000,1000,1000,1000,1000,1000,1000,1000,1000,1000,1000,1000,1000,400,400,400,0,0,0,0,0,1500,1500,1500,1500,1950,1500,1500,1500,1050,1050,1050,1050,874,874,874,874,998,998,1,0,1,1,1,1,1,1,0,0,1,0,0,0,0,1,1,1,0,0,1,0,0
999936689,0.065000005,1.5380001,1480,1824,1313,1484,1822,0,0,0,0,1000,1000,1000,1000,1000,1000,1000,1000,1000,1000,1000,1000,1000,1000,1000,1000,400,400,400,0,0,0,0,0,1500,1500,1500,1500,1950,1500,1500,1500,1050,1050,1050,1050,874,874,874,874,998,998,1,0,1,1,1,1,1,1,0,0,1,0,0,0,0,1,1,1,0,0,1,0,0
1000962926,0.065000005,1.338,1480,1636,1587,1656,1503,0,0,0,0,1000,1000,1000,1000,1000,1000,1000,1000,1000,1000,1000,1000,1000,1000,1000,1000,400,400,400,0,0,0,0,0,1500,1500,1500,1500,1950,1500,1500,1500,1050,1050,1050,1050,874,874,874,874,998,998,1,0,1,1,1,1,1,1,0,0,1,0,0,0,0,1,1,1,0,0,1,0,0
1001991729,0.065000005,1.33,1480,1440,1776,1795,1467,0,0,0,0,1000,1000,1000,1000,1000,1000,1000,1000,1000,1000,1000,1000,1000,1000,1000,1000,400,400,400,0,0,0,0,0,1500,1500,1500,1500,1950,1500,1500,1500,1050,1050,1050,1050,874,874,874,874,998,998,1,0,1,1,1,1,1,1,0,0,1,0,0,0,0,1,1,1,0,0,1,0,0
1003015484,0.067,1.544,1480,1756,1434,1523,1709,0,0,0,0,1000,1000,1000,1000,1000,1000,1000,1000,1000,1000,1000,1000,1000,1000,1000,1000,400,400,400,0,0,0,0,0,1500,1500,1500,1500,1950,1500,1500,1500,1050,1050,1050,1050,874,874,874,874,998,998,1,0,1,1,1,1,1,1,0,0,1,0,0,0,0,1,1,1,0,0,1,0,0
1004036721,0.065000005,1.5380001,1480,1578,1603,1711,1517,0,0,0,0,1000,1000,1000,1000,1000,1000,1000,1000,1000,1000,1000,1000,1000,1000,1000,1000,400,400,400,0,0,0,0,0,1500,1500,1500,1500,1950,1500,1500,1500,1050,1050,1050,1050,874,874,874,874,998,998,1,0,1,1,1,1,1,1,0,0,1,0,0,0,0,1,1,1,0,0,1,0,0
1005047981,0.065000005,1.5530001,1480,1708,1522,1572,1704,0,0,0,0,1000,1000,1000,1000,1000,1000,1000,1000,1000,1000,1000,1000,1000,1000,1000,1000,400,400,400,0,0,0,0,0,1500,1500,1500,1500,1950,1500,1500,1500,1050,1050,1050,1050,874,874,874,874,998,998,1,0,1,1,1,1,1,1,0,0,1,0,0,0,0,1,1,1,0,0,1,0,0
1006056660,0.07,1.3160001,1480,1766,1413,1648,1597,0,0,0,0,1000,1000,1000,1000,1000,1000,1000,1000,1000,1000,1000,1000,1000,1000,1000,1000,400,400,400,0,0,0,0,0,1500,1500,1500,1500,1950,1500,1500,1500,1050,1050,1050,1050,874,874,874,874,998,998,1,0,1,1,1,1,1,1,0,0,1,0,0,0,0,1,1,1,0,0,1,0,0
1007065447,0.062000003,1.5220001,1480,1749,1475,1862,1412,0,0,0,0,1000,1000,1000,1000,1000,1000,1000,1000,1000,1000,1000,1000,1000,1000,1000,1000,400,400,400,0,0,0,0,0,1500,1500,1500,1500,1950,1500,1500,1500,1050,1050,1050,1050,874,874,874,874,998,998,1,0,1,1,1,1,1,1,0,0,1,0,0,0,0,1,1,1,0,0,1,0,0
1008076714,0.067,1.5760001,1480,1796,1409,1555,1790,0,0,0,0,1000,1000,1000,1000,1000,1000,1000,1000,1000,1000,1000,1000,1000,1000,1000,1000,400,400,400,0,0,0,0,0,1500,1500,1500,1500,1950,1500,1500,1500,1050,1050,1050,1050,874,874,874,874,998,998,1,0,1,1,1,1,1,1,0,0,1,0,0,0,0,1,1,1,0,0,1,0,0
1009100430,0.055000003,1.5580001,1480,1541,1658,1747,1599,0,0,0,0,1000,1000,1000,1000,1000,1000,1000,1000,1000,1000,1000,1000,1000,1000,1000,1000,400,400,400,0,0,0,0,0,1500,1500,1500,1500,1950,1500,1500,1500,1050,1050,1050,1050,874,874,874,874,998,998,1,0,1,1,1,1,1,1,0,0,1,0,0,0,0,1,1,1,0,0,1,0,0
1010119206,0.065000005,1.5460001,1480,1388,1681,1900,1217,0,0,0,0,1000,1000,1000,1000,1000,1000,1000,1000,1000,1000,1000,1000,1000,1000,1000,1000,400,400,400,0,0,0,0,0,1500,1500,1500,1500,1950,1500,1500,1500,1050,1050,1050,1050,874,874,874,874,998,998,1,0,1,1,1,1,1,1,0,0,1,0,0,0,0,1,1,1,0,0,1,0,0
1011140411,0.062000003,1.291,1480,1888,1346,1571,1712,0,0,0,0,1000,1000,1000,1000,1000,1000,1000,1000,1000,1000,1000,1000,1000,1000,1000,1000,400,400,400,0,0,0,0,0,1500,1500,1500,1500,1950,1500,1500,1500,1050,1050,1050,1050,874,874,874,874,998,998,1,0,1,1,1,1,1,1,0,0,1,0,0,0,0,1,1,1,0,0,1,0,0
1012159121,0.065000005,1.524,1480,1758,1591,1462,1776,0,0,0,0,1000,1000,1000,1000,1000,1000,1000,1000,1000,1000,1000,1000,1000,1000,1000,1000,400,400,400,0,0,0,0,0,1500,1500,1500,1500,1950,1500,1500,1500,1050,1050,1050,1050,874,874,874,874,998,998,1,0,1,1,1,1,1,1,0,0,1,0,0,0,0,1,1,1,0,0,1,0,0
1013172968,0.062000003,1.3330001,1480,1691,1591,1549,1538,0,0,0,0,1000,1000,1000,1000,1000,1000,1000,1000,1000,1000,1000,1000,1000,1000,1000,1000,400,400,400,0,0,0,0,0,1348,1500,1500,1500,1950,1500,1500,1500,1050,1050,1050,1050,874,874,874,874,998,998,1,0,1,1,1,1,1,1,0,0,1,0,0,0,0,1,1,1,0,0,1,0,0
1014184207,0.060000002,1.3360001,1480,1653,1603,1849,1392,0,0,0,0,1000,1000,1000,1000,1000,1000,1000,1000,1000,1000,1000,1000,1000,1000,1000,1000,400,400,400,0,0,0,0,0,1280,1500,1500,1500,1950,1500,1500,1500,1050,1050,1050,1050,874,874,874,874,998,998,1,0,1,1,1,1,1,1,0,0,1,0,0,0,0,1,1,1,0,0,1,0,0
1015200463,0.065000005,1.309,1480,1604,1537,1529,1750,0,0,0,0,1000,1000,1000,1000,1000,1000,1000,1000,1000,1000,1000,1000,1000,1000,1000,1000,400,400,400,0,0,0,0,0,1500,1500,1500,1500,1950,1500,1500,1500,1050,1050,1050,1050,874,874,874,874,998,998,1,0,1,1,1,1,1,1,0,0,1,0,0,0,0,1,1,1,0,0,1,0,0
1016224176,0.060000002,1.3360001,1480,1733,1450,1608,1598,0,0,0,0,1000,1000,1000,1000,1000,1000,1000,1000,1000,1000,1000,1000,1000,1000,1000,1000,400,400,400,0,0,0,0,0,1500,1500,1500,1500,1950,1500,1500,1500,1050,1050,1050,1050,874,874,874,874,998,998,1,0,1,1,1,1,1,1,0,0,1,0,0,0,0,1,1,1,0,0,1,0,0
1017232953,0.065000005,1.5330001,1480,1899,1374,1459,1788,0,0,0,0,1000,1000,1000,1000,1000,1000,1000,1000,1000,1000,1000,1000,1000,1000,1000,1000,400,400,400,0,0,0,0,0,1500,1500,1500,1500,1950,1500,1500,1500,1050,1050,1050,1050,874,874,874,874,998,998,1,0,1,1,1,1,1,1,0,0,1,0,0,0,0,1,1,1,0,0,1,0,0
1018259233,0.065000005,1.3310001,1480,1740,1410,1447,1786,0,0,0,0,1000,1000,1000,1000,1000,1000,1000,1000,1000,1000,1000,1000,1000,1000,1000,1000,400,400,400,0,0,0,0,0,1500,1500,1500,1500,1950,1500,1500,1500,1050,1050,1050,1050,874,874,874,874,998,998,1,0,1,1,1,1,1,1,0,0,1,0,0,0,0,1,1,1,0,0,1,0,0
1019268005,0.07,1.35,1480,1749,1501,1556,1699,0,0,0,0,1000,1000,1000,1000,1000,1000,1000,1000,1000,1000,1000,1000,1000,1000,1000,1000,400,400,400,0,0,0,0,0,1500,1500,1500,1500,1950,1500,1500,1500,1050,1050,1050,1050,874,874,874,874,998,998,1,0,1,1,1,1,1,1,0,0,1,0,0,0,0,1,1,1,0,0,1,0,0
1020281593,0.067,1.531,1480,1592,1373,1585,1450,0,0,0,0,1000,1000,1000,1000,1000,1000,1000,1000,1000,1000,1000,1000,1000,1000,1000,1000,400,400,400,0,0,0,0,0,1500,1500,1500,1500,1500,1500,1500,1500,1050,1050,1050,1050,874,874,874,874,998,998,1,0,1,1,1,1,1,1,0,0,1,0,0,0,0,1,1,1,0,0,1,0,0
1021308079,0.062000003,1.5280001,1480,1732,1524,1724,1725,0,0,0,0,1000,1000,1000,1000,1000,1000,1000,1000,1000,1000,1000,1000,1000,1000,1000,1000,400,400,400,0,0,0,0,0,1500,1500,1500,1500,1950,1500,1500,1500,1050,1050,1050,1050,874,874,874,874,998,998,1,0,1,1,1,1,1,1,0,0,1,0,0,0,0,1,1,1,0,0,1,0,0
1022334252,0.065000005,1.554,1480,1459,1724,1850,1496,0,0,0,0,1000,1000,1000,1000,1000,1000,1000,1000,1000,1000,1000,1000,1000,1000,1000,1000,400,400,400,0,0,0,0,0,1500,1500,1500,1500,1950,1500,1500,1500,1050,1050,1050,1050,874,874,874,874,998,998,1,0,1,1,1,1,1,1,0,0,1,0,0,0,0,1,1,1,0,0,1,0,0
1023345382,0.065000005,1.5500001,1480,1800,1468,1636,1642,0,0,0,0,1000,1000,1000,1000,1000,1000,1000,1000,1000,1000,1000,1000,1000,1000,1000,1000,400,400,400,0,0,0,0,0,1500,1500,1500,1500,1950,1500,1500,1500,1050,1050,1050,1050,874,874,874,874,998,998,1,0,1,1,1,1,1,1,0,0,1,0,0,0,0,1,1,1,0,0,1,0,0
1024371579,0.062000003,1.33,1480,1732,1511,1715,1576,0,0,0,0,1000,1000,1000,1000,1000,1000,1000,1000,1000,1000,1000,1000,1000,1000,1000,1000,400,400,400,0,0,0,0,0,1500,1500,1500,1500,1950,1500,1500,1500,1050,1050,1050,1050,874,874,874,874,998,998,1,0,1,1,1,1,1,1,0,0,1,0,0,0,0,1,1,1,0,0,1,0,0
1025397898,0.065000005,1.539,1480,1647,1562,1724,1445,0,0,0,0,1000,1000,1000,1000,1000,1000,1000,1000,1000,1000,1000,1000,1000,1000,1000,1000,400,400,400,0,0,0,0,0,1500,1500,1500,1500,1950,1500,1500,1500,1050,1050,1050,1050,874,874,874,874,998,998,1,0,1,1,1,1,1,1,0,0,1,0,0,0,0,1,1,1,0,0,1,0,0
1026406682,0.065000005,1.322,1480,1604,1634,1764,1459,0,0,0,0,1000,1000,1000,1000,1000,1000,1000,1000,1000,1000,1000,1000,1000,1000,1000,1000,400,400,400,0,0,0,0,0,1500,1500,1500,1500,1950,1500,1500,1500,1050,1050,1050,1050,874,874,874,874,998,998,1,0,1,1,1,1,1,1,0,0,1,0,0,0,0,1,1,1,0,0,1,0,0
1027415452,0.065000005,1.5640001,1480,1861,1411,1515,1741,0,0,0,0,1000,1000,1000,1000,1000,1000,1000,1000,1000,1000,1000,1000,1000,1000,1000,1000,400,400,400,0,0,0,0,0,1500,1500,1500,1500,1950,1500,1500,1500,1050,1050,1050,1050,874,874,874,874,998,998,1,0,1,1,1,1,1,1,0,0,1,0,0,0,0,1,1,1,0,0,1,0,0
1028434097,0.062000003,1.5200001,1480,1753,1528,1608,1664,0,0,0,0,1000,1000,1000,1000,1000,1000,1000,1000,1000,1000,1000,1000,1000,1000,1000,1000,400,400,400,0,0,0,0,0,1500,1500,1500,1500,1950,1500,1500,1500,1050,1050,1050,1050,874,874,874,874,998,998,1,0,1,1,1,1,1,1,0,0,1,0,0,0,0,1,1,1,0,0,1,0,0
1029442868,0.072000004,1.547,1480,1760,1523,1544,1646,0,0,0,0,1000,1000,1000,1000,1000,1000,1000,1000,1000,1000,1000,1000,1000,1000,1000,1000,400,400,400,0,0,0,0,0,1500,1500,1500,1500,1950,1500,1500,1500,1050,1050,1050,1050,874,874,874,874,998,998,1,0,1,1,1,1,1,1,0,0,1,0,0,0,0,1,1,1,0,0,1,0,0
1030456764,0.065000005,1.3010001,1480,1573,1642,1717,1558,0,0,0,0,1000,1000,1000,1000,1000,1000,1000,1000,1000,1000,1000,1000,1000,1000,1000,1000,400,400,400,0,0,0,0,0,1500,1500,1500,1500,1950,1500,1500,1500,1050,1050,1050,1050,874,874,874,874,998,998,1,0,1,1,1,1,1,1,0,0,1,0,0,0,0,1,1,1,0,0,1,0,0
1031477991,0.065000005,1.296,1480,1500,1698,1851,1459,0,0,0,0,1000,1000,1000,1000,1000,1000,1000,1000,1000,1000,1000,1000,1000,1000,1000,1000,400,400,400,0,0,0,0,0,1500,1500,1500,1500,1950,1500,1500,1500,1050,1050,1050,1050,874,874,874,874,998,998,1,0,1,1,1,1,1,1,0,0,1,0,0,0,0,1,1,1,0,0,1,0,0
1032494166,0.060000002,1.33,1480,1495,1754,1765,1623,0,0,0,0,1000,1000,1000,1000,1000,1000,1000,1000,1000,1000,1000,1000,1000,1000,1000,1000,400,400,400,0,0,0,0,0,1500,1500,1500,1500,1950,1500,1500,1500,1050,1050,1050,1050,874,874,874,874,998,998,1,0,1,1,1,1,1,1,0,0,1,0,0,0,0,1,1,1,0,0,1,0,0
1033502846,0.065000005,1.3180001,1480,1574,1708,1862,1521,0,0,0,0,1000,1000,1000,1000,1000,1000,1000,1000,1000,1000,1000,1000,1000,1000,1000,1000,400,400,400,0,0,0,0,0,1500,1500,1500,1500,1950,1500,1500,1500,1050,1050,1050,1050,874,874,874,874,998,998,1,0,1,1,1,1,1,1,0,0,1,0,0,0,0,1,1,1,0,0,1,0,0
1034521681,0.065000005,1.531,1480,1404,1819,1900,1445,0,0,0,0,1000,1000,1000,1000,1000,1000,1000,1000,1000,1000,1000,1000,1000,1000,1000,1000,400,400,400,0,0,0,0,0,1500,1500,1500,1500,1950,1500,1500,1500,1050,1050,1050,1050,874,874,874,874,998,998,1,0,1,1,1,1,1,1,0,0,1,0,0,0,0,1,1,1,0,0,1,0,0
1035532916,0.065000005,1.345,1480,1439,1792,1712,1566,0,0,0,0,1000,1000,1000,1000,1000,1000,1000,1000,1000,1000,1000,1000,1000,1000,1000,1000,400,400,400,0,0,0,0,0,1500,1500,1500,1500,1950,1500,1500,1500,1050,1050,1050,1050,874,874,874,874,998,998,1,0,1,1,1,1,1,1,0,0,1,0,0,0,0,1,1,1,0,0,1,0,0
1036544107,0.065000005,1.292,1480,1388,1880,1872,1425,0,0,0,0,1000,1000,1000,1000,1000,1000,1000,1000,1000,1000,1000,1000,1000,1000,1000,1000,400,400,400,0,0,0,0,0,1500,1500,1500,1500,1950,1500,1500,1500,1050,1050,1050,1050,874,874,874,874,998,998,1,0,1,1,1,1,1,1,0,0,1,0,0,0,0,1,1,1,0,0,1,0,0
1037557965,0.065000005,1.317,1480,1621,1656,1660,1662,0,0,0,0,1000,1000,1000,1000,1000,1000,1000,1000,1000,1000,1000,1000,1000,1000,1000,1000,400,400,400,0,0,0,0,0,1500,1500,1500,1500,1950,1500,1500,1500,1050,1050,1050,1050,874,874,874,874,998,998,1,0,1,1,1,1,1,1,0,0,1,0,0,0,0,1,1,1,0,0,1,0,0
1038579160,0.067,1.5400001,1480,1778,1468,1529,1734,0,0,0,0,1000,1000,1000,1000,1000,1000,1000,1000,1000,1000,1000,1000,1000,1000,1000,1000,400,400,400,0,0,0,0,0,1500,1500,1500,1500,1950,1500,1500,1500,1050,1050,1050,1050,874,874,874,874,998,998,1,0,1,1,1,1,1,1,0,0,1,0,0,0,0,1,1,1,0,0,1,0,0
1039600376,0.065000005,1.5320001,1480,1673,1627,1573,1651,0,0,0,0,1000,1000,1000,1000,1000,1000,1000,1000,1000,1000,1000,1000,1000,1000,1000,1000,400,400,400,0,0,0,0,0,1481,1500,1500,1500,1950,1500,1500,1500,1050,1050,1050,1050,874,874,874,874,998,998,1,0,1,1,1,1,1,1,0,0,1,0,0,0,0,1,1,1,0,0,1,0,0
1040624150,0.065000005,1.5250001,1480,1644,1630,1791,1497,0,0,0,0,1000,1000,1000,1000,1000,1000,1000,1000,1000,1000,1000,1000,1000,1000,1000,1000,400,400,400,0,0,0,0,0,1327,1500,1500,1500,1950,1500,1500,1500,1050,1050,1050,1050,874,874,874,874,998,998,1,0,1,1,1,1,1,1,0,0,1,0,0,0,0,1,1,1,0,0,1,0,0
1041642928,0.060000002,1.524,1480,1675,1615,1499,1780,0,0,0,0,1000,1000,1000,1000,1000,1000,1000,1000,1000,1000,1000,1000,1000,1000,1000,1000,400,400,400,0,0,0,0,0,1353,1500,1500,1500,1950,1500,1500,1500,1050,1050,1050,1050,874,874,874,874,998,998,1,0,1,1,1,1,1,1,0,0,1,0,0,0,0,1,1,1,0,0,1,0,0
1042671765,0.065000005,1.3130001,1480,1712,1492,1658,1547,0,0,0,0,1000,1000,1000,1000,1000,1000,1000,1000,1000,1000,1000,1000,1000,1000,1000,1000,400,400,400,0,0,0,0,0,1500,1500,1500,1500,1950,1500,1500,1500,1050,1050,1050,1050,874,874,874,874,998,998,1,0,1,1,1,1,1,1,0,0,1,0,0,0,0,1,1,1,0,0,1,0,0
1043690497,0.062000003,1.294,1480,1730,1477,1752,1488,0,0,0,0,1000,1000,1000,1000,1000,1000,1000,1000,1000,1000,1000,1000,1000,1000,1000,1000,400,400,400,0,0,0,0,0,1500,1500,1500,1500,1950,1500,1500,1500,1050,1050,1050,1050,874,874,874,874,998,998,1,0,1,1,1,1,1,1,0,0,1,0,0,0,0,1,1,1,0,0,1,0,0
1044701787,0.067,1.562,1480,1569,1612,1797,1428,0,0,0,0,1000,1000,1000,1000,1000,1000,1000,1000,1000,1000,1000,1000,1000,1000,1000,1000,400,400,400,0,0,0,0,0,1500,1500,1500,1500,1950,1500,1500,1500,1050,1050,1050,1050,874,874,874,874,998,998,1,0,1,1,1,1,1,1,0,0,1,0,0,0,0,1,1,1,0,0,1,0,0
1045710428,0.065000005,1.542,1480,1655,1575,1739,1520,0,0,0,0,1000,1000,1000,1000,1000,1000,1000,1000,1000,1000,1000,1000,1000,1000,1000,1000,400,400,400,0,0,0,0,0,1500,1500,1500,1500,1950,1500,1500,1500,1050,1050,1050,1050,874,874,874,874,998,998,1,0,1,1,1,1,1,1,0,0,1,0,0,0,0,1,1,1,0,0,1,0,0
1046734179,0.062000003,1.554,1480,1785,1428,1678,1509,0,0,0,0,1000,1000,1000,1000,1000,1000,1000,1000,1000,1000,1000,1000,1000,1000,1000,1000,400,400,400,0,0,0,0,0,1500,1500,1500,1500,1950,1500,1500,1500,1050,1050,1050,1050,874,874,874,874,998,998,1,0,1,1,1,1,1,1,0,0,1,0,0,0,0,1,1,1,0,0,1,0,0
1047750457,0.072000004,1.314,1480,1895,1358,1556,1660,0,0,0,0,1000,1000,1000,1000,1000,1000,1000,1000,1000,1000,1000,1000,1000,1000,1000,1000,400,400,400,0,0,0,0,0,1500,1500,1500,1500,1950,1500,1500,1500,1050,1050,1050,1050,874,874,874,874,998,998,1,0,1,1,1,1,1,1,0,0,1,0,0,0,0,1,1,1,0,0,1,0,0
1048766678,0.065000005,1.531,1480,1816,1332,1548,1561,0,0,0,0,1000,1000,1000,1000,1000,1000,1000,1000,1000,1000,1000,1000,1000,1000,1000,1000,400,400,400,0,0,0,0,0,1500,1500,1323,1500,1950,1500,1500,1500,1050,1050,1050,1050,874,874,874,874,998,998,1,0,1,1,1,1,1,1,0,0,1,0,0,0,0,1,1,1,0,0,1,0,0
1049792843,0.065000005,1.3100001,1480,1632,1623,1744,1464,0,0,0,0,1000,1000,1000,1000,1000,1000,1000,1000,1000,1000,1000,1000,1000,1000,1000,1000,400,400,400,0,0,0,0,0,1500,1500,1278,1500,1950,1500,1500,1500,1050,1050,1050,1050,874,874,874,874,998,998,1,0,1,1,1,1,1,1,0,0,1,0,0,0,0,1,1,1,0,0,1,0,0
1050801662,0.065000005,1.5300001,1480,1862,1383,1510,1747,0,0,0,0,1000,1000,1000,1000,1000,1000,1000,1000,1000,1000,1000,1000,1000,1000,1000,1000,400,400,400,0,0,0,0,0,1500,1500,1263,1500,1950,1500,1500,1500,1050,1050,1050,1050,874,874,874,874,998,998,1,0,1,1,1,1,1,1,0,0,1,0,0,0,0,1,1,1,0,0,1,0,0
1051830386,0.065000005,1.5400001,1480,1634,1674,1715,1617,0,0,0,0,1000,1000,1000,1000,1000,1000,1000,1000,1000,1000,1000,1000,1000,1000,1000,1000,400,400,400,0,0,0,0,0,1500,1500,1367,1500,1950,1500,1500,1500,1050,1050,1050,1050,874,874,874,874,998,998,1,0,1,1,1,1,1,1,0,0,1,0,0,0,0,1,1,1,0,0,1,0,0
1052844160,0.062000003,1.3180001,1480,1726,1531,1406,1813,0,0,0,0,1000,1000,1000,1000,1000,1000,1000,1000,1000,1000,1000,1000,1000,1000,1000,1000,400,400,400,0,0,0,0,0,1500,1500,1500,1500,1950,1500,1500,1500,1050,1050,1050,1050,874,874,874,874,998,998,1,0,1,1,1,1,1,1,0,0,1,0,0,0,0,1,1,1,0,0,1,0,0
1053865426,0.074,1.3770001,1480,1767,1479,1485,1846,0,0,0,0,1000,1000,1000,1000,1000,1000,1000,1000,1000,1000,1000,1000,1000,1000,1000,1000,400,400,400,0,0,0,0,0,1500,1500,1487,1500,1950,1500,1500,1500,1050,1050,1050,1050,874,874,874,874,998,998,1,0,1,1,1,1,1,1,0,0,1,0,0,0,0,1,1,1,0,0,1,0,0
1054881773,0.07,1.5580001,1480,1515,1723,1673,1628,0,0,0,0,1000,1000,1000,1000,1000,1000,1000,1000,1000,1000,1000,1000,1000,1000,1000,1000,400,400,400,0,0,0,0,0,1500,1500,1335,1500,1950,1500,1500,1500,1050,1050,1050,1050,874,874,874,874,998,998,1,0,1,1,1,1,1,1,0,0,1,0,0,0,0,1,1,1,0,0,1,0,0
1055890394,0.065000005,1.5600001,1480,1618,1518,1648,1640,0,0,0,0,1000,1000,1000,1000,1000,1000,1000,1000,1000,1000,1000,1000,1000,1000,1000,1000,400,400,400,0,0,0,0,0,1500,1500,1285,1500,1950,1500,1500,1500,1050,1050,1050,1050,874,874,874,874,998,998,1,0,1,1,1,1,1,1,0,0,1,0,0,0,0,1,1,1,0,0,1,0,0
1056899179,0.065000005,1.5370001,1480,1614,1670,1754,1500,0,0,0,0,1000,1000,1000,1000,1000,1000,1000,1000,1000,1000,1000,1000,1000,1000,1000,1000,400,400,400,0,0,0,0,0,1500,1500,1500,1500,1950,1500,1500,1500,1050,1050,1050,1050,874,874,874,874,998,998,1,0,1,1,1,1,1,1,0,0,1,0,0,0,0,1,1,1,0,0,1,0,0
1057915512,0.058000002,1.5500001,1480,1637,1600,1490,1738,0,0,0,0,1000,1000,1000,1000,1000,1000,1000,1000,1000,1000,1000,1000,1000,1000,1000,1000,400,400,400,0,0,0,0,0,1500,1223,1500,1500,1950,1500,1500,1500,1050,1050,1050,1050,874,874,874,874,998,998,1,0,1,1,1,1,1,1,0,0,1,0,0,0,0,1,1,1,0,0,1,0,0
1058941627,0.065000005,1.3100001,1480,1652,1444,1297,1900,0,0,0,0,1000,1000,1000,1000,1000,1000,1000,1000,1000,1000,1000,1000,1000,1000,1000,1000,400,400,400,0,0,0,0,0,1451,1078,1500,1500,1950,1500,1500,1500,1050,1050,1050,1050,874,874,874,874,998,998,1,0,1,1,1,1,1,1,0,0,1,0,0,0,0,1,1,1,0,0,1,0,0
1060974129,0.060000002,1.3340001,1480,1558,1728,1518,1676,0,0,0,0,1000,1000,1000,1000,1000,1000,1000,1000,1000,1000,1000,1000,1000,1000,1000,1000,400,400,400,0,0,0,0,0,1348,1175,1500,1500,1950,1500,1500,1500,1050,1050,1050,1050,874,874,874,874,998,998,1,0,1,1,1,1,1,1,0,0,1,0,0,0,0,1,1,1,0,0,1,0,0
1063019129,0.067,1.5460001,1480,1495,1784,1549,1596,0,0,0,0,1000,1000,1000,1000,1000,1000,1000,1000,1000,1000,1000,1000,1000,1000,1000,1000,400,400,400,0,0,0,0,0,1500,1500,1500,1500,1950,1500,1500,1500,1050,1050,1050,1050,874,874,874,874,998,998,1,0,1,1,1,1,1,1,0,0,1,0,0,0,0,1,1,1,0,0,1,0,0
1064030470,0.065000005,1.5580001,1480,1715,1615,1696,1582,0,0,0,0,1000,1000,1000,1000,1000,1000,1000,1000,1000,1000,1000,1000,1000,1000,1000,1000,400,400,400,0,0,0,0,0,1443,1593,1500,1500,1950,1500,1500,1500,1050,1050,1050,1050,874,874,874,874,998,998,1,0,1,1,1,1,1,1,0,0,1,0,0,0,0,1,1,1,0,0,1,0,0
1065051800,0.058000002,1.5380001,1480,1669,1705,1717,1411,0,0,0,0,1000,1000,1000,1000,1000,1000,1000,1000,1000,1000,1000,1000,1000,1000,1000,1000,400,400,400,0,0,0,0,0,1473,1500,1500,1500,1950,1500,1500,1500,1050,1050,1050,1050,874,874,874,874,998,998,1,0,1,1,1,1,1,1,0,0,1,0,0,0,0,1,1,1,0,0,1,0,0
1066060444,0.065000005,1.299,1480,1715,1700,1731,1412,0,0,0,0,1000,1000,1000,1000,1000,1000,1000,1000,1000,1000,1000,1000,1000,1000,1000,1000,400,400,400,0,0,0,0,0,1500,1443,1500,1500,1950,1500,1500,1500,1050,1050,1050,1050,874,874,874,874,998,998,1,0,1,1,1,1,1,1,0,0,1,0,0,0,0,1,1,1,0,0,1,0,0
1067076622,0.065000005,1.2950001,1480,1745,1620,1364,1809,0,0,0,0,1000,1000,1000,1000,1000,1000,1000,1000,1000,1000,1000,1000,1000,1000,1000,1000,400,400,400,0,0,0,0,0,1423,1281,1500,1500,1950,1500,1500,1500,1050,1050,1050,1050,874,874,874,874,998,998,1,0,1,1,1,1,1,1,0,0,1,0,0,0,0,1,1,1,0,0,1,0,0
1068085442,0.065000005,1.506,1480,1567,1751,1805,1428,0,0,0,0,1000,1000,1000,1000,1000,1000,1000,1000,1000,1000,1000,1000,1000,1000,1000,1000,400,400,400,0,0,0,0,0,1428,1255,1500,1500,1950,1500,1500,1500,1050,1050,1050,1050,874,874,874,874,998,998,1,0,1,1,1,1,1,1,0,0,1,0,0,0,0,1,1,1,0,0,1,0,0
1069101765,0.067,1.5640001,1480,1557,1741,1634,1576,0,0,0,0,1000,1000,1000,1000,1000,1000,1000,1000,1000,1000,1000,1000,1000,1000,1000,1000,400,400,400,0,0,0,0,0,1500,1223,1500,1500,1950,1500,1500,1500,1050,1050,1050,1050,874,874,874,874,998,998,1,0,1,1,1,1,1,1,0,0,1,0,0,0,0,1,1,1,0,0,1,0,0
1070110395,0.062000003,1.3310001,1480,1589,1725,1427,1791,0,0,0,0,1000,1000,1000,1000,1000,1000,1000,1000,1000,1000,1000,1000,1000,1000,1000,1000,400,400,400,0,0,0,0,0,1500,1128,1500,1500,1950,1500,1500,1500,1050,1050,1050,1050,874,874,874,874,998,998,1,0,1,1,1,1,1,1,0,0,1,0,0,0,0,1,1,1,0,0,1,0,0
1071131770,0.065000005,1.3260001,1480,1637,1363,1100,1900,0,0,0,0,1000,1000,1000,1000,1000,1000,1000,1000,1000,1000,1000,1000,1000,1000,1000,1000,400,400,400,0,0,0,0,0,1500,1147,1500,1500,1950,1500,1500,1500,1050,1050,1050,1050,874,874,874,874,998,998,1,0,1,1,1,1,1,1,0,0,1,0,0,0,0,1,1,1,0,0,1,0,0
1072157883,0.062000003,1.562,1480,1455,1748,1560,1550,0,0,0,0,1000,1000,1000,1000,1000,1000,1000,1000,1000,1000,1000,1000,1000,1000,1000,1000,400,400,400,0,0,0,0,0,1497,1297,1500,1500,1950,1500,1500,1500,1050,1050,1050,1050,874,874,874,874,998,998,1,0,1,1,1,1,1,1,0,0,1,0,0,0,0,1,1,1,0,0,1,0,0
1073166628,0.079,1.5690001,1480,1691,1442,1347,1900,0,0,0,0,1000,1000,1000,1000,1000,1000,1000,1000,1000,1000,1000,1000,1000,1000,1000,1000,400,400,400,0,0,0,0,0,1500,1507,1500,1500,1950,1500,1500,1500,1050,1050,1050,1050,874,874,874,874,998,998,1,0,1,1,1,1,1,1,0,0,1,0,0,0,0,1,1,1,0,0,1,0,0
1074195345,0.065000005,1.332,1480,1442,1752,1605,1753,0,0,0,0,1000,1000,1000,1000,1000,1000,1000,1000,1000,1000,1000,1000,1000,1000,1000,1000,400,400,400,0,0,0,0,0,1500,1500,1500,1500,1950,1500,1500,1500,1050,1050,1050,1050,874,874,874,874,998,998,1,0,1,1,1,1,1,1,0,0,1,0,0,0,0,1,1,1,0,0,1,0,0
1075219162,0.065000005,1.3080001,1480,1466,1734,1423,1875,0,0,0,0,1000,1000,1000,1000,1000,1000,1000,1000,1000,1000,1000,1000,1000,1000,1000,1000,400,400,400,0,0,0,0,0,1496,1682,1500,1500,1950,1500,1500,1500,1050,1050,1050,1050,874,874,874,874,998,998,1,0,1,1,1,1,1,1,0,0,1,0,0,0,0,1,1,1,0,0,1,0,0
1076247916,0.060000002,1.3330001,1480,1662,1646,1537,1736,0,0,0,0,1000,1000,1000,1000,1000,1000,1000,1000,1000,1000,1000,1000,1000,1000,1000,1000,400,400,400,0,0,0,0,0,1442,1676,1500,1500,1950,1500,1500,1500,1050,1050,1050,1050,874,874,874,874,998,998,1,0,1,1,1,1,1,1,0,0,1,0,0,0,0,1,1,1,0,0,1,0,0
1077274101,0.065000005,1.3310001,1480,1514,1820,1628,1574,0,0,0,0,1000,1000,1000,1000,1000,1000,1000,1000,1000,1000,1000,1000,1000,1000,1000,1000,400,400,400,0,0,0,0,0,1463,1760,1500,1500,1950,1500,1500,1500,1050,1050,1050,1050,874,874,874,874,998,998,1,0,1,1,1,1,1,1,0,0,1,0,0,0,0,1,1,1,0,0,1,0,0
1078295364,0.065000005,1.5370001,1480,1676,1581,1746,1514,0,0,0,0,1000,1000,1000,1000,1000,1000,1000,1000,1000,1000,1000,1000,1000,1000,1000,1000,400,400,400,0,0,0,0,0,1472,1746,1500,1500,1950,1500,1500,1500,1050,1050,1050,1050,874,874,874,874,998,998,1,0,1,1,1,1,1,1,0,0,1,0,0,0,0,1,1,1,0,0,1,0,0
1079321700,0.065000005,1.524,1480,1324,1851,1827,1376,0,0,0,0,1000,1000,1000,1000,1000,1000,1000,1000,1000,1000,1000,1000,1000,1000,1000,1000,400,400,400,0,0,0,0,0,1500,1721,1500,1500,1950,1500,1500,1500,1050,1050,1050,1050,874,874,874,874,998,998,1,0,1,1,1,1,1,1,0,0,1,0,0,0,0,1,1,1,0,0,1,0,0
1080345481,0.065000005,1.529,1480,1563,1672,1797,1364,0,0,0,0,1000,1000,1000,1000,1000,1000,1000,1000,1000,1000,1000,1000,1000,1000,1000,1000,400,400,400,0,0,0,0,0,1632,1768,1500,1500,1950,1500,1500,1500,1050,1050,1050,1050,874,874,874,874,998,998,1,0,1,1,1,1,1,1,0,0,1,0,0,0,0,1,1,1,0,0,1,0,0
1081374200,0.065000005,1.3110001,1480,1833,1433,1502,1629,0,0,0,0,1000,1000,1000,1000,1000,1000,1000,1000,1000,1000,1000,1000,1000,1000,1000,1000,400,400,400,0,0,0,0,0,1601,1811,1500,1500,1950,1500,1500,1500,1050,1050,1050,1050,874,874,874,874,998,998,1,0,1,1,1,1,1,1,0,0,1,0,0,0,0,1,1,1,0,0,1,0,0
1082390447,0.060000002,1.2980001,1480,1770,1512,1686,1544,0,0,0,0,1000,1000,1000,1000,1000,1000,1000,1000,1000,1000,1000,1000,1000,1000,1000,1000,400,400,400,0,0,0,0,0,1575,1843,1500,1500,1950,1500,1500,1500,1050,1050,1050,1050,874,874,874,874,998,998,1,0,1,1,1,1,1,1,0,0,1,0,0,0,0,1,1,1,0,0,1,0,0
1083399231,0.067,1.549,1480,1594,1586,1768,1463,0,0,0,0,1000,1000,1000,1000,1000,1000,1000,1000,1000,1000,1000,1000,1000,1000,1000,1000,400,400,400,0,0,0,0,0,1500,1500,1500,1500,1950,1500,1500,1500,1050,1050,1050,1050,874,874,874,874,998,998,1,0,1,1,1,1,1,1,0,0,1,0,0,0,0,1,1,1,0,0,1,0,0
1084415407,0.065000005,1.3160001,1480,1710,1602,1486,1783,0,0,0,0,1000,1000,1000,1000,1000,1000,1000,1000,1000,1000,1000,1000,1000,1000,1000,1000,400,400,400,0,0,0,0,0,1706,1555,1500,1500,1950,1500,1500,1500,1050,1050,1050,1050,874,874,874,874,998,998,1,0,1,1,1,1,1,1,0,0,1,0,0,0,0,1,1,1,0,0,1,0,0
1085431740,0.065000005,1.3050001,1480,1779,1543,1680,1606,0,0,0,0,1000,1000,1000,1000,1000,1000,1000,1000,1000,1000,1000,1000,1000,1000,1000,1000,400,400,400,0,0,0,0,0,1597,1682,1500,1500,1950,1500,1500,1500,1050,1050,1050,1050,874,874,874,874,998,998,1,0,1,1,1,1,1,1,0,0,1,0,0,0,0,1,1,1,0,0,1,0,0
1086452976,0.062000003,1.3410001,1480,1815,1423,1685,1650,0,0,0,0,1000,1000,1000,1000,1000,1000,1000,1000,1000,1000,1000,1000,1000,1000,1000,1000,400,400,400,0,0,0,0,0,1526,1800,1500,1500,1950,1500,1500,1500,1050,1050,1050,1050,874,874,874,874,998,998,1,0,1,1,1,1,1,1,0,0,1,0,0,0,0,1,1,1,0,0,1,0,0
1087471608,0.065000005,1.2930001,1480,1670,1589,1610,1724,0,0,0,0,1000,1000,1000,1000,1000,1000,1000,1000,1000,1000,1000,1000,1000,1000,1000,1000,400,400,400,0,0,0,0,0,1500,1635,1500,1500,1950,1500,1500,1500,1050,1050,1050,1050,874,874,874,874,998,998,1,0,1,1,1,1,1,1,0,0,1,0,0,0,0,1,1,1,0,0,1,0,0
1088480398,0.065000005,1.294,1480,1900,1128,1415,1538,0,0,0,0,1000,1000,1000,1000,1000,1000,1000,1000,1000,1000,1000,1000,1000,1000,1000,1000,400,400,400,0,0,0,0,0,1500,1500,1500,1500,1950,1500,1500,1500,1050,1050,1050,1050,874,874,874,874,998,998,1,0,1,1,1,1,1,1,0,0,1,0,0,0,0,1,1,1,0,0,1,0,0
1089506715,0.065000005,1.524,1480,1553,1588,1754,1467,0,0,0,0,1000,1000,1000,1000,1000,1000,1000,1000,1000,1000,1000,1000,1000,1000,1000,1000,400,400,400,0,0,0,0,0,1500,1761,1500,1500,1950,1500,1500,1500,1050,1050,1050,1050,874,874,874,874,998,998,1,0,1,1,1,1,1,1,0,0,1,0,0,0,0,1,1,1,0,0,1,0,0
1090535345,0.065000005,1.5410001,1480,1574,1723,1823,1561,0,0,0,0,1000,1000,1000,1000,1000,1000,1000,1000,1000,1000,1000,1000,1000,1000,1000,1000,400,400,400,0,0,0,0,0,1500,1500,1415,1500,1950,1500,1500,1500,1050,1050,1050,1050,874,874,874,874,998,998,1,0,1,1,1,1,1,1,0,0,1,0,0,0,0,1,1,1,0,0,1,0,0
1091544265,0.058000002,1.3280001,1480,1608,1708,1581,1597,0,0,0,0,1000,1000,1000,1000,1000,1000,1000,1000,1000,1000,1000,1000,1000,1000,1000,1000,400,400,400,0,0,0,0,0,1500,1500,1300,1500,1950,1500,1500,1500,1050,1050,1050,1050,874,874,874,874,998,998,1,0,1,1,1,1,1,1,0,0,1,0,0,0,0,1,1,1,0,0,1,0,0
1092567846,0.065000005,1.5580001,1480,1841,1511,1602,1685,0,0,0,0,1000,1000,1000,1000,1000,1000,1000,1000,1000,1000,1000,1000,1000,1000,1000,1000,400,400,400,0,0,0,0,0,1500,1500,1352,1643,1950,1500,1500,1500,1050,1050,1050,1050,874,874,874,874,998,998,1,0,1,1,1,1,1,1,0,0,1,0,0,0,0,1,1,1,0,0,1,0,0
1093594151,0.067,1.524,1480,1548,1677,1704,1562,0,0,0,0,1000,1000,1000,1000,1000,1000,1000,1000,1000,1000,1000,1000,1000,1000,1000,1000,400,400,400,0,0,0,0,0,1500,1500,1421,1500,1950,1500,1500,1500,1050,1050,1050,1050,874,874,874,874,998,998,1,0,1,1,1,1,1,1,0,0,1,0,0,0,0,1,1,1,0,0,1,0,0
1094602917,0.065000005,1.296,1480,1682,1605,1553,1720,0,0,0,0,1000,1000,1000,1000,1000,1000,1000,1000,1000,1000,1000,1000,1000,1000,1000,1000,400,400,400,0,0,0,0,0,1500,1665,1500,1500,1950,1500,1500,1500,1050,1050,1050,1050,874,874,874,874,998,998,1,0,1,1,1,1,1,1,0,0,1,0,0,0,0,1,1,1,0,0,1,0,0
1095616713,0.060000002,1.542,1480,1695,1583,1753,1526,0,0,0,0,1000,1000,1000,1000,1000,1000,1000,1000,1000,1000,1000,1000,1000,1000,1000,1000,400,400,400,0,0,0,0,0,1500,1756,1500,1500,1950,1500,1500,1500,1050,1050,1050,1050,874,874,874,874,998,998,1,0,1,1,1,1,1,1,0,0,1,0,0,0,0,1,1,1,0,0,1,0,0
1096645365,0.062000003,1.292,1480,1900,1183,1310,1628,0,0,0,0,1000,1000,1000,1000,1000,1000,1000,1000,1000,1000,1000,1000,1000,1000,1000,1000,400,400,400,0,0,0,0,0,1500,1500,1500,1500,1950,1500,1500,1500,1050,1050,1050,1050,874,874,874,874,998,998,1,0,1,1,1,1,1,1,0,0,1,0,0,0,0,1,1,1,0,0,1,0,0
1097656834,0.065000005,1.309,1480,1863,1400,1697,1527,0,0,0,0,1000,1000,1000,1000,1000,1000,1000,1000,1000,1000,1000,1000,1000,1000,1000,1000,400,400,400,0,0,0,0,0,1667,1516,1500,1500,1950,1500,1500,1500,1050,1050,1050,1050,874,874,874,874,998,998,1,0,1,1,1,1,1,1,0,0,1,0,0,0,0,1,1,1,0,0,1,0,0
1098671594,0.065000005,1.536,1480,1403,1716,1860,1100,0,0,0,0,1000,1000,1000,1000,1000,1000,1000,1000,1000,1000,1000,1000,1000,1000,1000,1000,400,400,400,0,0,0,0,0,1698,1537,1500,1500,1950,1500,1500,1500,1050,1050,1050,1050,874,874,874,874,998,998,1,0,1,1,1,1,1,1,0,0,1,0,0,0,0,1,1,1,0,0,1,0,0
1099680456,0.07,1.3310001,1480,1900,1189,1355,1680,0,0,0,0,1000,1000,1000,1000,1000,1000,1000,1000,1000,1000,1000,1000,1000,1000,1000,1000,400,400,400,0,0,0,0,0,1500,1500,1500,1500,1950,1500,1500,1500,1050,1050,1050,1050,874,874,874,874,998,998,1,0,1,1,1,1,1,1,0,0,1,0,0,0,0,1,1,1,0,0,1,0,0
1100706590,0.060000002,1.338,1480,1682,1630,1722,1455,0,0,0,0,1000,1000,1000,1000,1000,1000,1000,1000,1000,1000,1000,1000,1000,1000,1000,1000,400,400,400,0,0,0,0,0,1500,1500,1500,1676,1950,1500,1500,1500,1050,1050,1050,1050,874,874,874,874,998,998,1,0,1,1,1,1,1,1,0,0,1,0,0,0,0,1,1,1,0,0,1,0,0
1101735433,0.062000003,1.33,1480,1726,1474,1580,1672,0,0,0,0,1000,1000,1000,1000,1000,1000,1000,1000,1000,1000,1000,1000,1000,1000,1000,1000,400,400,400,0,0,0,0,0,1500,1500,1500,1275,1950,1500,1500,1500,1050,1050,1050,1050,874,874,874,874,998,998,1,0,1,1,1,1,1,1,0,0,1,0,0,0,0,1,1,1,0,0,1,0,0
1102754163,0.067,1.3340001,1480,1679,1563,1848,1533,0,0,0,0,1000,1000,1000,1000,1000,1000,1000,1000,1000,1000,1000,1000,1000,1000,1000,1000,400,400,400,0,0,0,0,0,1500,1500,1477,1275,1950,1500,1500,1500,1050,1050,1050,1050,874,874,874,874,998,998,1,0,1,1,1,1,1,1,0,0,1,0,0,0,0,1,1,1,0,0,1,0,0
1103768035,0.07,1.314,1480,1870,1495,1445,1884,0,0,0,0,1000,1000,1000,1000,1000,1000,1000,1000,1000,1000,1000,1000,1000,1000,1000,1000,400,400,400,0,0,0,0,0,1500,1500,1500,1440,1950,1500,1500,1500,1050,1050,1050,1050,874,874,874,874,998,998,1,0,1,1,1,1,1,1,0,0,1,0,0,0,0,1,1,1,0,0,1,0,0
1104796608,0.065000005,1.302,1480,1484,1745,1756,1473,0,0,0,0,1000,1000,1000,1000,1000,1000,1000,1000,1000,1000,1000,1000,1000,1000,1000,1000,400,400,400,0,0,0,0,0,1500,1500,1338,1500,1950,1500,1500,1500,1050,1050,1050,1050,874,874,874,874,998,998,1,0,1,1,1,1,1,1,0,0,1,0,0,0,0,1,1,1,0,0,1,0,0
1105823012,0.062000003,1.521,1480,1804,1460,1630,1736,0,0,0,0,1000,1000,1000,1000,1000,1000,1000,1000,1000,1000,1000,1000,1000,1000,1000,1000,400,400,400,0,0,0,0,0,1500,1500,1267,1500,1950,1500,1500,1500,1050,1050,1050,1050,874,874,874,874,998,998,1,0,1,1,1,1,1,1,0,0,1,0,0,0,0,1,1,1,0,0,1,0,0
1106844240,0.065000005,1.314,1480,1787,1592,1411,1777,0,0,0,0,1000,1000,1000,1000,1000,1000,1000,1000,1000,1000,1000,1000,1000,1000,1000,1000,400,400,400,0,0,0,0,0,1500,1500,1226,1500,1950,1500,1500,1500,1050,1050,1050,1050,874,874,874,874,998,998,1,0,1,1,1,1,1,1,0,0,1,0,0,0,0,1,1,1,0,0,1,0,0
1107855380,0.065000005,1.3230001,1480,1732,1489,1479,1661,0,0,0,0,1000,1000,1000,1000,1000,1000,1000,1000,1000,1000,1000,1000,1000,1000,1000,1000,400,400,400,0,0,0,0,0,1500,1500,1150,1500,1950,1500,1500,1500,1050,1050,1050,1050,874,874,874,874,998,998,1,0,1,1,1,1,1,1,0,0,1,0,0,0,0,1,1,1,0,0,1,0,0
1108871602,0.067,1.3280001,1480,1840,1441,1548,1647,0,0,0,0,1000,1000,1000,1000,1000,1000,1000,1000,1000,1000,1000,1000,1000,1000,1000,1000,400,400,400,0,0,0,0,0,1500,1500,1175,1500,1950,1500,1500,1500,1050,1050,1050,1050,874,874,874,874,998,998,1,0,1,1,1,1,1,1,0,0,1,0,0,0,0,1,1,1,0,0,1,0,0
1109897990,0.065000005,1.322,1480,1604,1644,1676,1539,0,0,0,0,1000,1000,1000,1000,1000,1000,1000,1000,1000,1000,1000,1000,1000,1000,1000,1000,400,400,400,0,0,0,0,0,1526,1647,1500,1500,1950,1500,1500,1500,1050,1050,1050,1050,874,874,874,874,998,998,1,0,1,1,1,1,1,1,0,0,1,0,0,0,0,1,1,1,0,0,1,0,0
1110924166,0.065000005,1.33,1480,1839,1382,1395,1859,0,0,0,0,1000,1000,1000,1000,1000,1000,1000,1000,1000,1000,1000,1000,1000,1000,1000,1000,400,400,400,0,0,0,0,0,1525,1831,1500,1500,1950,1500,1500,1500,1050,1050,1050,1050,874,874,874,874,998,998,1,0,1,1,1,1,1,1,0,0,1,0,0,0,0,1,1,1,0,0,1,0,0
1111932885,0.062000003,1.33,1480,1900,1100,1377,1623,0,0,0,0,1000,1000,1000,1000,1000,1000,1000,1000,1000,1000,1000,1000,1000,1000,1000,1000,400,400,400,0,0,0,0,0,1515,1803,1500,1500,1950,1500,1500,1500,1050,1050,1050,1050,874,874,874,874,998,998,1,0,1,1,1,1,1,1,0,0,1,0,0,0,0,1,1,1,0,0,1,0,0
1112951739,0.065000005,1.542,1480,1757,1352,1642,1608,0,0,0,0,1000,1000,1000,1000,1000,1000,1000,1000,1000,1000,1000,1000,1000,1000,1000,1000,400,400,400,0,0,0,0,0,1515,1742,1500,1500,1950,1500,1500,1500,1050,1050,1050,1050,874,874,874,874,998,998,1,0,1,1,1,1,1,1,0,0,1,0,0,0,0,1,1,1,0,0,1,0,0
1113975486,0.065000005,1.5300001,1480,1748,1392,1881,1315,0,0,0,0,1000,1000,1000,1000,1000,1000,1000,1000,1000,1000,1000,1000,1000,1000,1000,1000,400,400,400,0,0,0,0,0,1500,1500,1500,1500,1950,1500,1500,1500,1050,1050,1050,1050,874,874,874,874,998,998,1,0,1,1,1,1,1,1,0,0,1,0,0,0,0,1,1,1,0,0,1,0,0
1114999202,0.062000003,1.2950001,1480,1721,1545,1600,1634,0,0,0,0,1000,1000,1000,1000,1000,1000,1000,1000,1000,1000,1000,1000,1000,1000,1000,1000,400,400,400,0,0,0,0,0,1500,1500,1500,1500,1950,1500,1500,1500,1050,1050,1050,1050,874,874,874,874,998,998,1,0,1,1,1,1,1,1,0,0,1,0,0,0,0,1,1,1,0,0,1,0,0
1116025354,0.067,1.5460001,1480,1647,1560,1527,1698,0,0,0,0,1000,1000,1000,1000,1000,1000,1000,1000,1000,1000,1000,1000,1000,1000,1000,1000,400,400,400,0,0,0,0,0,1500,1500,1500,1500,1950,1500,1500,1500,1050,1050,1050,1050,874,874,874,874,998,998,1,0,1,1,1,1,1,1,0,0,1,0,0,0,0,1,1,1,0,0,1,0,0
1117036639,0.065000005,1.325,1480,1475,1797,1795,1545,0,0,0,0,1000,1000,1000,1000,1000,1000,1000,1000,1000,1000,1000,1000,1000,1000,1000,1000,400,400,400,0,0,0,0,0,1500,1500,1500,1500,1950,1500,1500,1500,1050,1050,1050,1050,874,874,874,874,998,998,1,0,1,1,1,1,1,1,0,0,1,0,0,0,0,1,1,1,0,0,1,0,0
1118045351,0.08400001,1.5330001,1480,1565,1685,1731,1529,0,0,0,0,1000,1000,1000,1000,1000,1000,1000,1000,1000,1000,1000,1000,1000,1000,1000,1000,400,400,400,0,0,0,0,0,1500,1500,1500,1500,1950,1500,1500,1500,1050,1050,1050,1050,874,874,874,874,998,998,1,0,1,1,1,1,1,1,0,0,1,0,0,0,0,1,1,1,0,0,1,0,0
1119054138,0.065000005,1.292,1480,1736,1363,1779,1568,0,0,0,0,1000,1000,1000,1000,1000,1000,1000,1000,1000,1000,1000,1000,1000,1000,1000,1000,400,400,400,0,0,0,0,0,1500,1500,1500,1327,1950,1500,1500,1500,1050,1050,1050,1050,874,874,874,874,998,998,1,0,1,1,1,1,1,1,0,0,1,0,0,0,0,1,1,1,0,0,1,0,0
1120072898,0.065000005,1.5100001,1480,1900,1100,1261,1508,0,0,0,0,1000,1000,1000,1000,1000,1000,1000,1000,1000,1000,1000,1000,1000,1000,1000,1000,400,400,400,0,0,0,0,0,1500,1500,1500,1766,1950,1500,1500,1500,1050,1050,1050,1050,874,874,874,874,998,998,1,0,1,1,1,1,1,1,0,0,1,0,0,0,0,1,1,1,0,0,1,0,0
1121101689,0.067,1.322,1480,1625,1540,1385,1891,0,0,0,0,1000,1000,1000,1000,1000,1000,1000,1000,1000,1000,1000,1000,1000,1000,1000,1000,400,400,400,0,0,0,0,0,1500,1500,1500,1500,1950,1500,1500,1500,1050,1050,1050,1050,874,874,874,874,998,998,1,0,1,1,1,1,1,1,0,0,1,0,0,0,0,1,1,1,0,0,1,0,0
1122115501,0.060000002,1.322,1480,1588,1665,1862,1356,0,0,0,0,1000,1000,1000,1000,1000,1000,1000,1000,1000,1000,1000,1000,1000,1000,1000,1000,400,400,400,0,0,0,0,0,1500,1500,1500,1500,1950,1500,1500,1500,1050,1050,1050,1050,874,874,874,874,998,998,1,0,1,1,1,1,1,1,0,0,1,0,0,0,0,1,1,1,0,0,1,0,0
1123139098,0.072000004,1.314,1480,1709,1630,1733,1308,0,0,0,0,1000,1000,1000,1000,1000,1000,1000,1000,1000,1000,1000,1000,1000,1000,1000,1000,400,400,400,0,0,0,0,0,1500,1500,1500,1721,1950,1500,1500,1500,1050,1050,1050,1050,874,874,874,874,998,998,1,0,1,1,1,1,1,1,0,0,1,0,0,0,0,1,1,1,0,0,1,0,0
1124162859,0.067,1.5600001,1480,1326,1791,1792,1364,0,0,0,0,1000,1000,1000,1000,1000,1000,1000,1000,1000,1000,1000,1000,1000,1000,1000,1000,400,400,400,0,0,0,0,0,1500,1500,1500,1500,1950,1500,1500,1500,1050,1050,1050,1050,874,874,874,874,998,998,1,0,1,1,1,1,1,1,0,0,1,0,0,0,0,1,1,1,0,0,1,0,0
1125179224,0.060000002,1.3100001,1480,1900,1206,1512,1565,0,0,0,0,1000,1000,1000,1000,1000,1000,1000,1000,1000,1000,1000,1000,1000,1000,1000,1000,400,400,400,0,0,0,0,0,1500,1500,1500,1500,1950,1500,1500,1500,1050,1050,1050,1050,874,874,874,874,998,998,1,0,1,1,1,1,1,1,0,0,1,0,0,0,0,1,1,1,0,0,1,0,0
1126197868,0.065000005,1.544,1480,1578,1577,1778,1392,0,0,0,0,1000,1000,1000,1000,1000,1000,1000,1000,1000,1000,1000,1000,1000,1000,1000,1000,400,400,400,0,0,0,0,0,1500,1500,1500,1500,1950,1500,1500,1500,1050,1050,1050,1050,874,874,874,874,998,998,1,0,1,1,1,1,1,1,0,0,1,0,0,0,0,1,1,1,0,0,1,0,0
1127209231,0.065000005,1.304,1480,1648,1705,1579,1543,0,0,0,0,1000,1000,1000,1000,1000,1000,1000,1000,1000,1000,1000,1000,1000,1000,1000,1000,400,400,400,0,0,0,0,0,1500,1500,1500,1500,1950,1500,1500,1500,1050,1050,1050,1050,874,874,874,874,998,998,1,0,1,1,1,1,1,1,0,0,1,0,0,0,0,1,1,1,0,0,1,0,0
1128222999,0.065000005,1.5370001,1480,1683,1654,1680,1483,0,0,0,0,1000,1000,1000,1000,1000,1000,1000,1000,1000,1000,1000,1000,1000,1000,1000,1000,400,400,400,0,0,0,0,0,1500,1500,1500,1500,1950,1500,1500,1500,1050,1050,1050,1050,874,874,874,874,998,998,1,0,1,1,1,1,1,1,0,0,1,0,0,0,0,1,1,1,0,0,1,0,0
1129234093,0.065000005,1.547,1480,1613,1695,1575,1645,0,0,0,0,1000,1000,1000,1000,1000,1000,1000,1000,1000,1000,1000,1000,1000,1000,1000,1000,400,400,400,0,0,0,0,0,1500,1500,1500,1500,1950,1500,1500,1500,1050,1050,1050,1050,874,874,874,874,998,998,1,0,1,1,1,1,1,1,0,0,1,0,0,0,0,1,1,1,0,0,1,0,0
1130242843,0.065000005,1.5380001,1480,1522,1741,1675,1604,0,0,0,0,1000,1000,1000,1000,1000,1000,1000,1000,1000,1000,1000,1000,1000,1000,1000,1000,400,400,400,0,0,0,0,0,1500,1500,1500,1500,1950,1500,1500,1500,1050,1050,1050,1050,874,874,874,874,998,998,1,0,1,1,1,1,1,1,0,0,1,0,0,0,0,1,1,1,0,0,1,0,0
1131271749,0.065000005,1.3130001,1480,1640,1522,1691,1506,0,0,0,0,1000,1000,1000,1000,1000,1000,1000,1000,1000,1000,1000,1000,1000,1000,1000,1000,400,400,400,0,0,0,0,0,1500,1500,1500,1500,1950,1500,1500,1500,1050,1050,1050,1050,874,874,874,874,998,998,1,0,1,1,1,1,1,1,0,0,1,0,0,0,0,1,1,1,0,0,1,0,0
1132295496,0.065000005,1.531,1480,1688,1547,1763,1561,0,0,0,0,1000,1000,1000,1000,1000,1000,1000,1000,1000,1000,1000,1000,1000,1000,1000,1000,400,400,400,0,0,0,0,0,1500,1500,1500,1500,1950,1500,1500,1500,1050,1050,1050,1050,874,874,874,874,998,998,1,0,1,1,1,1,1,1,0,0,1,0,0,0,0,1,1,1,0,0,1,0,0
1133304278,0.065000005,1.3010001,1480,1900,1100,1284,1637,0,0,0,0,1000,1000,1000,1000,1000,1000,1000,1000,1000,1000,1000,1000,1000,1000,1000,1000,400,400,400,0,0,0,0,0,1500,1500,1500,1500,1950,1500,1500,1500,1050,1050,1050,1050,874,874,874,874,998,998,1,0,1,1,1,1,1,1,0,0,1,0,0,0,0,1,1,1,0,0,1,0,0
1134325512,0.065000005,1.5350001,1480,1665,1516,1779,1455,0,0,0,0,1000,1000,1000,1000,1000,1000,1000,1000,1000,1000,1000,1000,1000,1000,1000,1000,400,400,400,0,0,0,0,0,1500,1500,1500,1500,1950,1500,1500,1500,1050,1050,1050,1050,874,874,874,874,998,998,1,0,1,1,1,1,1,1,0,0,1,0,0,0,0,1,1,1,0,0,1,0,0
1135354117,0.067,1.332,1480,1597,1403,1900,1100,0,0,0,0,1000,1000,1000,1000,1000,1000,1000,1000,1000,1000,1000,1000,1000,1000,1000,1000,400,400,400,0,0,0,0,0,1500,1500,1500,1500,1950,1500,1500,1500,1050,1050,1050,1050,874,874,874,874,998,998,1,0,1,1,1,1,1,1,0,0,1,0,0,0,0,1,1,1,0,0,1,0,0
1136367950,0.065000005,1.307,1480,1621,1662,1736,1458,0,0,0,0,1000,1000,1000,1000,1000,1000,1000,1000,1000,1000,1000,1000,1000,1000,1000,1000,400,400,400,0,0,0,0,0,1500,1500,1500,1500,1950,1500,1500,1500,1050,1050,1050,1050,874,874,874,874,998,998,1,0,1,1,1,1,1,1,0,0,1,0,0,0,0,1,1,1,0,0,1,0,0
1137384236,0.065000005,1.5450001,1480,1722,1524,1844,1387,0,0,0,0,1000,1000,1000,1000,1000,1000,1000,1000,1000,1000,1000,1000,1000,1000,1000,1000,400,400,400,0,0,0,0,0,1500,1500,1500,1500,1950,1500,1500,1500,1050,1050,1050,1050,874,874,874,874,998,998,1,0,1,1,1,1,1,1,0,0,1,0,0,0,0,1,1,1,0,0,1,0,0
1138405343,0.060000002,1.2980001,1480,1741,1557,1627,1746,0,0,0,0,1000,1000,1000,1000,1000,1000,1000,1000,1000,1000,1000,1000,1000,1000,1000,1000,400,400,400,0,0,0,0,0,1500,1500,1500,1500,1950,1500,1500,1500,1050,1050,1050,1050,874,874,874,874,998,998,1,0,1,1,1,1,1,1,0,0,1,0,0,0,0,1,1,1,0,0,1,0,0
1139419197,0.065000005,1.3180001,1480,1764,1596,1720,1557,0,0,0,0,1000,1000,1000,1000,1000,1000,1000,1000,1000,1000,1000,1000,1000,1000,1000,1000,400,400,400,0,0,0,0,0,1500,1500,1500,1500,1950,1500,1500,1500,1050,1050,1050,1050,874,874,874,874,998,998,1,0,1,1,1,1,1,1,0,0,1,0,0,0,0,1,1,1,0,0,1,0,0
1140448032,0.067,1.2930001,1480,1577,1672,1821,1425,0,0,0,0,1000,1000,1000,1000,1000,1000,1000,1000,1000,1000,1000,1000,1000,1000,1000,1000,400,400,400,0,0,0,0,0,1500,1500,1500,1500,1950,1500,1500,1500,1050,1050,1050,1050,874,874,874,874,998,998,1,0,1,1,1,1,1,1,0,0,1,0,0,0,0,1,1,1,0,0,1,0,0
1141471669,0.067,1.3620001,1480,1543,1784,1881,1386,0,0,0,0,1000,1000,1000,1000,1000,1000,1000,1000,1000,1000,1000,1000,1000,1000,1000,1000,400,400,400,0,0,0,0,0,1500,1500,1500,1500,1950,1500,1500,1500,1050,1050,1050,1050,874,874,874,874,998,998,1,0,1,1,1,1,1,1,0,0,1,0,0,0,0,1,1,1,0,0,1,0,0
1142497872,0.067,1.5350001,1480,1843,1434,1656,1621,0,0,0,0,1000,1000,1000,1000,1000,1000,1000,1000,1000,1000,1000,1000,1000,1000,1000,1000,400,400,400,0,0,0,0,0,1500,1500,1500,1500,1950,1500,1500,1500,1050,1050,1050,1050,874,874,874,874,998,998,1,0,1,1,1,1,1,1,0,0,1,0,0,0,0,1,1,1,0,0,1,0,0
1143506618,0.065000005,1.3160001,1480,1856,1444,1794,1433,0,0,0,0,1000,1000,1000,1000,1000,1000,1000,1000,1000,1000,1000,1000,1000,1000,1000,1000,400,400,400,0,0,0,0,0,1500,1500,1500,1500,1950,1500,1500,1500,1050,1050,1050,1050,874,874,874,874,998,998,1,0,1,1,1,1,1,1,0,0,1,0,0,0,0,1,1,1,0,0,1,0,0
1144533041,0.067,1.5610001,1480,1870,1425,1595,1689,0,0,0,0,1000,1000,1000,1000,1000,1000,1000,1000,1000,1000,1000,1000,1000,1000,1000,1000,400,400,400,0,0,0,0,0,1500,1500,1500,1500,1950,1500,1500,1500,1050,1050,1050,1050,874,874,874,874,998,998,1,0,1,1,1,1,1,1,0,0,1,0,0,0,0,1,1,1,0,0,1,0,0
1145556776,0.067,1.5230001,1480,1836,1451,1445,1772,0,0,0,0,1000,1000,1000,1000,1000,1000,1000,1000,1000,1000,1000,1000,1000,1000,1000,1000,400,400,400,0,0,0,0,0,1500,1500,1500,1500,1950,1500,1500,1500,1050,1050,1050,1050,874,874,874,874,998,998,1,0,1,1,1,1,1,1,0,0,1,0,0,0,0,1,1,1,0,0,1,0,0
1146580380,0.065000005,1.33,1480,1578,1663,1851,1451,0,0,0,0,1000,1000,1000,1000,1000,1000,1000,1000,1000,1000,1000,1000,1000,1000,1000,1000,400,400,400,0,0,0,0,0,1500,1500,1500,1500,1950,1500,1500,1500,1050,1050,1050,1050,874,874,874,874,998,998,1,0,1,1,1,1,1,1,0,0,1,0,0,0,0,1,1,1,0,0,1,0,0
1147589138,0.065000005,1.5250001,1480,1504,1795,1650,1467,0,0,0,0,1000,1000,1000,1000,1000,1000,1000,1000,1000,1000,1000,1000,1000,1000,1000,1000,400,400,400,0,0,0,0,0,1500,1500,1500,1500,1950,1500,1500,1500,1050,1050,1050,1050,874,874,874,874,998,998,1,0,1,1,1,1,1,1,0,0,1,0,0,0,0,1,1,1,0,0,1,0,0
1148610394,0.065000005,1.5640001,1480,1874,1146,1593,1532,0,0,0,0,1000,1000,1000,1000,1000,1000,1000,1000,1000,1000,1000,1000,1000,1000,1000,1000,400,400,400,0,0,0,0,0,1500,1500,1500,1500,1950,1500,1500,1500,1050,1050,1050,1050,874,874,874,874,998,998,1,0,1,1,1,1,1,1,0,0,1,0,0,0,0,1,1,1,0,0,1,0,0
1149631755,0.065000005,1.552,1480,1674,1496,1861,1346,0,0,0,0,1000,1000,1000,1000,1000,1000,1000,1000,1000,1000,1000,1000,1000,1000,1000,1000,400,400,400,0,0,0,0,0,1500,1500,1500,1500,1950,1500,1500,1500,1050,1050,1050,1050,874,874,874,874,998,998,1,0,1,1,1,1,1,1,0,0,1,0,0,0,0,1,1,1,0,0,1,0,0
1150645413,0.074,1.5810001,1480,1881,1359,1647,1670,0,0,0,0,1000,1000,1000,1000,1000,1000,1000,1000,1000,1000,1000,1000,1000,1000,1000,1000,400,400,400,0,0,0,0,0,1500,1500,1500,1500,1950,1500,1500,1500,1050,1050,1050,1050,874,874,874,874,998,998,1,0,1,1,1,1,1,1,0,0,1,0,0,0,0,1,1,1,0,0,1,0,0
1151669094,0.062000003,1.268,1480,1666,1607,1767,1480,0,0,0,0,1000,1000,1000,1000,1000,1000,1000,1000,1000,1000,1000,1000,1000,1000,1000,1000,400,400,400,0,0,0,0,0,1500,1500,1500,1500,1950,1500,1500,1500,1050,1050,1050,1050,874,874,874,874,998,998,1,0,1,1,1,1,1,1,0,0,1,0,0,0,0,1,1,1,0,0,1,0,0
1152695402,0.065000005,1.5250001,1480,1809,1532,1739,1583,0,0,0,0,1000,1000,1000,1000,1000,1000,1000,1000,1000,1000,1000,1000,1000,1000,1000,1000,400,400,400,0,0,0,0,0,1500,1500,1391,1500,1950,1500,1500,1500,1050,1050,1050,1050,874,874,874,874,998,998,1,0,1,1,1,1,1,1,0,0,1,0,0,0,0,1,1,1,0,0,1,0,0
1153706716,0.065000005,1.5600001,1480,1696,1572,1830,1418,0,0,0,0,1000,1000,1000,1000,1000,1000,1000,1000,1000,1000,1000,1000,1000,1000,1000,1000,400,400,400,0,0,0,0,0,1500,1500,1380,1500,1950,1500,1500,1500,1050,1050,1050,1050,874,874,874,874,998,998,1,0,1,1,1,1,1,1,0,0,1,0,0,0,0,1,1,1,0,0,1,0,0
1154722925,0.065000005,1.315,1480,1897,1350,1492,1768,0,0,0,0,1000,1000,1000,1000,1000,1000,1000,1000,1000,1000,1000,1000,1000,1000,1000,1000,400,400,400,0,0,0,0,0,1500,1500,1335,1500,1950,1500,1500,1500,1050,1050,1050,1050,874,874,874,874,998,998,1,0,1,1,1,1,1,1,0,0,1,0,0,0,0,1,1,1,0,0,1,0,0
1155731600,0.065000005,1.547,1480,1798,1542,1667,1530,0,0,0,0,1000,1000,1000,1000,1000,1000,1000,1000,1000,1000,1000,1000,1000,1000,1000,1000,400,400,400,0,0,0,0,0,1500,1500,1290,1500,1950,1500,1500,1500,1050,1050,1050,1050,874,874,874,874,998,998,1,0,1,1,1,1,1,1,0,0,1,0,0,0,0,1,1,1,0,0,1,0,0
1156742899,0.055000003,1.5430001,1480,1516,1668,1592,1607,0,0,0,0,1000,1000,1000,1000,1000,1000,1000,1000,1000,1000,1000,1000,1000,1000,1000,1000,400,400,400,0,0,0,0,0,1500,1500,1220,1500,1950,1500,1500,1500,1050,1050,1050,1050,874,874,874,874,998,998,1,0,1,1,1,1,1,1,0,0,1,0,0,0,0,1,1,1,0,0,1,0,0
1157759200,0.065000005,1.549,1480,1442,1613,1531,1138,0,0,0,0,1000,1000,1000,1000,1000,1000,1000,1000,1000,1000,1000,1000,1000,1000,1000,1000,400,400,400,0,0,0,0,0,1500,1500,1050,1500,1950,1500,1500,1500,1050,1050,1050,1050,874,874,874,874,998,998,1,0,1,1,1,1,1,1,0,0,1,0,0,0,0,1,1,1,0,0,1,0,0
1158767989,0.065000005,1.5430001,1480,1262,1174,1207,1141,0,0,0,0,1000,1000,1000,1000,1000,1000,1000,1000,1000,1000,1000,1000,1000,1000,1000,1000,400,400,400,0,0,0,0,0,1500,1500,1050,1500,1950,1500,1500,1500,1050,1050,1050,1050,874,874,874,874,998,998,1,0,1,1,1,1,1,1,0,0,1,0,0,0,0,1,1,1,0,0,1,0,0
1159786684,0.065000005,1.3130001,1480,1102,1100,1102,1100,0,0,0,0,1000,1000,1000,1000,1000,1000,1000,1000,1000,1000,1000,1000,1000,1000,1000,1000,400,400,400,0,0,0,0,0,1500,1500,1050,1500,1950,1500,1500,1500,1950,1050,1050,1050,874,874,874,874,998,998,1,0,1,1,1,1,1,1,0,0,1,0,0,0,0,1,1,1,0,0,1,0,0
1160795488,0.065000005,1.5250001,1480,1102,1100,1102,1100,0,0,0,0,1000,1000,1000,1000,1000,1000,1000,1000,1000,1000,1000,1000,1000,1000,1000,1000,400,400,400,0,0,0,0,0,1500,1500,1050,1500,1950,1500,1500,1500,1950,1050,1050,1050,874,874,874,874,998,998,1,0,1,1,1,1,1,1,0,0,1,0,0,0,0,1,1,1,0,0,1,0,0
1161351733,0.065000005,1.5610001,1480,1000,1000,1000,1000,0,0,0,0,1000,1000,1000,1000,1000,1000,1000,1000,1000,1000,1000,1000,1000,1000,1000,1000,400,400,400,0,0,0,0,0,1500,1500,1050,1500,1950,1500,1500,1500,1950,1050,1050,1050,874,874,874,874,998,998,1,0,1,1,1,1,1,1,0,0,1,0,0,0,0,1,1,0,0,0,1,0,0
